id,Production date,Find spot,Materials,Technique,Inscription,Subjects,Assoc name,Culture,Section,Place,description
8871,480BC-470BC (circa),Excavated/Findspot: Vulci,pottery,painted,Inscription type: inscription Inscription position: Interior Inscription language: Greek Inscription script: Greek Inscription quoted: KALOΣ (large letters).,satyr; classical deity; mythical figure/creature,Representation of: Dionysos/Bacchus;  Representation of: Maenads,Attic,Greek,Greece,"This exquisite Attic red-figured cup, dating from circa 480-470 BC, is a masterful example of Greek pottery, excavated from Vulci. The interior features a dynamic depiction of a maenad, draped in a chiton and himation, her movements captured as she holds an empty oinochoe and a thyrsos, with her hair elegantly styled in a bun adorned with a red fillet. The exterior presents a vibrant scene with Dionysos, the god of wine, accompanied by satyrs and maenads, all engaged in a lively Dionysian revelry. Each figure is meticulously detailed, from the satyrs' animated gestures to the maenads poised with thyrsi and floral motifs, their garments bordered with fine line work. Notable elements include floral complexes around the handles featuring palmettes and tendrils, and the use of relief line contours for the intricate hairstyle and vine details. A Greek inscription inside adds a further layer of cultural richness to this artifact. The careful painted technique exemplifies the skilled artistry of Ancient Greece, capturing the mythological and ceremonial essence of the period."
9755,500BC-475BC,Excavated/Findspot: Fikellura grave 84,pottery,painted; incised,,satyr; mythical figure/creature; classical deity,Associated with: Silenos;  Representation of: Maenads,Attic,Greek,Greece,"This Attic black-figured oinochoe, a pottery wine jug dating from 500-475 BCE, is a fine example of ancient Greek craftsmanship and artistic expression. It features a trefoil mouth and is adorned with a black design set against a red panel, encircled by a maeander border above and dots along the sides. The artist utilized white and purple as accessory colors to highlight the scene depicting two Seilenoi with long white tresses, moving to the right, and a Maenad retreating in the same direction while glancing back. The Maenad is elegantly portrayed with her hair looped up, wearing a fillet, a long chiton, and a striped himation, with her left hand raised, embodying the dynamic and expressive style typical of the period. In the background, the presence of a fruit-bearing tree adds depth and context to the scene. This piece, associated with the figures of Silenos and Maenads, was excavated from Fikellura grave 84, offering insight into its ceremonial or funerary use in ancient Greek society. It stands as a testament to the cultural and artistic interactions in Greece during this era."
8879,500BC (circa),Excavated/Findspot: Naukratis,pottery,painted,Inscription type: inscription Inscription position: interior Inscription language: Greek Inscription script: Greek Inscription quoted: ]ρα[ Inscription note: Pre-firing red dipinto. Part of label of name or kalos inscription.,classical deity,Representation of: Herakles/Hercules (possibly);  Named in inscription: Herakles/Hercules,Attic; Archaic Greek,Greek,Greece,"This Attic red-figured pottery cup fragment, dating to circa 500 BCE, represents the artistic tradition of Archaic Greece. The interior of this tondo sherd displays a red-figure decoration, likely depicting the right arm and wrist of a figure, possibly Herakles, with a drapery element suggesting it adorns the shoulder. Two letters from a painted Greek inscription are visible, part of a pre-firing red dipinto, potentially a name or kalos inscription. The exterior is elegantly glazed in black, and the piece bears a relief-contour. The sherd's cultural significance is denoted by the possible representation of Herakles, a classical deity celebrated for his strength and heroic deeds. This artifact was excavated at Naukratis, shedding light on the exchange and influence within ancient Greek settlements."
8680,610BC-580BC (circa),Excavated/Findspot: Naukratis,pottery,painted; slipped,,sphinx,,East Greek; Archaic Greek,Greek,Greece,"This rim sherd of a Chian Mature Animal Style pottery chalice, dating from approximately 610 to 580 BCE, exemplifies the artistry of East Greek, Archaic Greek culture. Crafted from pottery and embellished using painted and slipped techniques, it features distinct decorative elements. On the interior, a reserved band at the rim is followed by a streaky black glaze, punctuated by an elaborate rosette outlined in white with added red centers. The exterior is adorned with a band of dots between bands at the rim, descending to a painted decoration that includes the depiction of a sphinx—with the remaining wing visible—facing left. Discovered at the archaeological site of Naukratis, this artifact provides a glimpse into the ceremonial and artistic customs of ancient Greece, highlighting the significance of mythological motifs such as the sphinx in their visual culture."
9590,510BC-500BC (circa),Excavated/Findspot: HMS Colossus;  Excavated/Findspot: St Mary's Island (off),pottery,painted; incised,,classical mythology; architecture,Representation of: Achilles;  Representation of: Polyxena,Attic,Greek,Greece,"This artifact consists of five fragmented pieces from an Attic black-figure lekythos, dating approximately between 510 and 500 BCE. Crafted from pottery and employing both painting and incising techniques, these pieces depict a scene from classical mythology featuring the figures Achilles and Polyxena at a fountain. Additionally, three shoulder fragments display black-figure palmettes, possibly aligning with the main depiction. These fragments pertain to the Attic culture of ancient Greece, embodying the aesthetic and narrative style typical of the Greek section. They were excavated from HMS Colossus near St Mary's Island, providing rich insights into ancient Greek artistic conventions and mythological storytelling."
10092,430BC-400BC (circa),Excavated/Findspot: Fikellura grave 37,pottery,painted,,classical deity,Representation of: Nike/Victoria/Victory,Attic,Greek,Greece,"This Attic red-figured squat lekythos, dating approximately to 430-400 BCE, is an exquisite example of Greek pottery, depicting the classical deity Nike. Illustrated with a graceful, yet somewhat careless style, the figure of Nike is shown standing to the right in a tied Doric chiton, her hair elegantly looped up. She extends both hands towards a spiral plant emerging from the ground. The eye of Nike, rendered in profile with a visible eyelash, adds to the piece's delicate artistry. Beneath the depiction, a thin red line enhances the composition. Crafted from pottery and executed in the painted red-figure technique, this lekythos reflects the stylistic nuances of the period. It was excavated from Fikellura grave 37, providing valuable insight into ancient Greek burial practices and artistic expressions of divine figures."
8748,610BC-580BC (circa),Excavated/Findspot: Naukratis,pottery,painted; slipped,,sphinx (possibly); mammal (possibly),,East Greek; Archaic Greek,Greek,Greece,"This artifact is a rim and body sherd from a Chian Mature Animal Style pottery chalice, dating circa 610-580 BC, from the Archaic Greek period. Originating from East Greek culture, this pottery fragment has been crafted from pottery material with a white slip application. The interior of the sherd exhibits a reserved band at the rim with a streaky black glaze below, while the exterior displays a lotus flower outlined in added white with red centers. Notably, the fragment includes the hind leg and tail of a feline or sphinx, accentuated by a red patch, and possibly part of a second animal, like a lion, trailing the first figure. Complemented by elaborate rosettes and a pendant triangle, these are used as ornamental filler motifs. Excavated at the renowned site of Naukratis, this sherd provides a glimpse into the sophisticated decorative styles and iconography prevalent in East Greek pottery craftsmanship of the time."
9286,520BC-500BC,Found/Acquired: Athens (possibly),pottery,painted; incised,Inscription type: inscription,classical deity; classical mythology; satyr; horse/ass; mythical figure/creature,Representation of: Dionysos/Bacchus;  Representation of: Ariadne;  Representation of: Maenads,Attic,Greek,Greece,"This Attic black-figured kantharos, dating from 520-500 BCE, is a remarkable example of classical Greek pottery, crafted from painted and incised clay. The vessel features a distinct donkey-head attachment and is adorned with purple and white accessories, set against a backdrop of artistic motifs like the ivy-wreath encircling its top and the tongue-pattern detailed below the main designs. On one side (a), the kantharos depicts Ariadne, seated on an okladias, adorned with long hair, an ivy-wreath, and a chiton and himation spotted with purple, holding branches and raising a cantharos in one hand. Adjacent to her, an ithyphallic Satyr stands in a dynamic pose, shading his eyes. On the other side (b), Dionysos, the bearded god of wine, is portrayed riding an ithyphallic mule, wearing an ivy-wreath, and holding vine branches and a bridle. He is accompanied by Satyrs and a Maenad, the latter mirroring the attire and accessories of Ariadne. The mule's head is left in the natural color of the clay with detailed features highlighted in black, white, and purple. The inside of the mule's head is accented with a reddish-purple slip, with the kantharos part finished in black glaze. Though its precise find spot remains uncertain, this artifact was likely discovered in Athens, contributing richly to our understanding of Greek iconography and mythological depictions, particularly those associated with Dionysos and his retinue."
8574,370BC (circa),Excavated/Findspot: St Agata dei Goti,pottery,painted,,satyr; classical deity; mythical figure/creature,Representation of: Dionysos/Bacchus;  Representation of: Iachos (possibly),Attic,Greek,Greece,"This Attic red-figured bell-krater, dating to approximately 370 BCE, is a striking example of painted pottery from ancient Greece. The vessel portrays the scene of anodos, depicting a youthful deity—potentially Iakchos or Apollo—emerging from the ground within a cave setting, accompanied by a small representation of the flying Nike. To the left of this central figure sits Dionysos, identifiable by his thyrsos, amidst a lively assembly of maenads and a satyr. On the right, a maenad holds a tray laden with grapes, symbolizing fertility and festivity. The reverse features the image of three youths, contributing to the narrative depth of the piece. This krater was excavated from St Agata dei Goti, revealing its origins within the rich cultural tapestry of ancient Greece. The meticulously painted imagery encapsulates the religious and mythological iconography of the period, offering insight into the ceremonial and artistic practices of Attic culture."
9974,580BC-560BC (circa),Excavated/Findspot: Athens,pottery,painted; incised,,mythical figure/creature; siren; sphinx,,Attic,Greek,Greece,"This Attic pottery piece, dating from approximately 580-560 BC, is a black-figured pyxis or lekane with a lid, showcasing the quintessential black-on-red decorative technique of ancient Greek ceramics. With a high cover terminated by a truncated conical handle hollowed out at the top, the design is both functional and ornate. The handle is encircled by three swans in a preening posture, set against a field densely adorned with small leaves. Below this motif lies a frieze featuring mythical figures and animals: a large bird in flight flanked by a sphinx and a siren, each adorned with long hair and zigzag diadems, and another section portraying a siren with wings outspread between two lions, with fields rich in small leaves and rosettes. The vase itself carries two distinct friezes; one depicts a bird amidst sirens and panthers, while the other presents confronted sirens and lions. Each scene is framed by an intricate backdrop of small leaves. This pyxis was excavated in Athens, reflecting the rich mythological and artistic traditions of ancient Greece through its imagery of sirens and sphinxes."
8807,460BC (circa),Excavated/Findspot: Capua,pottery,painted,,satyr; classical deity; allegory/personification; mythical figure/creature; tree/bush,Associated with: Herakles/Hercules,Attic,Greek,Greece,"This Attic red-figured chous, dating to circa 460 BC, vividly portrays a satyr adopting the guise of Heracles in the Garden of the Hesperides, a classical theme drawn from Greek mythology. The scene is skillfully painted on pottery, showcasing a lively satyr with a short bushy beard and rough hair radiating from his crown, advancing in a mock-heroic pose. He brandishes a club defensively against an intricately coiled snake that assails the wine-bearer's covered left arm, doubled as a shield using a wine-skin draped around his neck. The composition is spirited, with purple-tinged leaves of a tree, which supports three suspended oinochoai, accentuating the vividness of the scene. The snake's tongue, hair of the satyr, and markings on the snake and askos are highlighted in brown. The decoratively transitional eye type and initial sketches suggest adjustments in the satyr's posture, adding layers to the narrative. The pottery is bordered below by maeanders interrupted by red cross squares and above by an anthemion pattern, while an inverted palmette decorates the lower part of the handle. This artifact, unearthed in Capua, offers a window into the Greek artistic tradition and its connection to mythological allegory."
9217,520BC-500BC,Excavated/Findspot: Vulci,pottery,painted; incised,,marriage/wedding; procession; battle; horse/ass; warrior; classical deity,Representation of: Hera/Juno;  Portrait of: Zeus/Jupiter;  Representation of: Apollo (?);  Representation of: Hermes/Mercury (?),Attic; Archaic Greek,Greek,Greece,"This exquisite Attic black-figured hydria, dating from 520-500 BC, exemplifies the artistry of Archaic Greece. Crafted from pottery, the hydria features intricate painted and incised designs on red panels, bordered by ivy motifs and accented with white and purple details. The shoulder of the vessel captures a dynamic battle scene, depicting a quadriga in motion, driven by a warrior armed with a shield bearing a tripod design. The chaotic energy continues with a fallen soldier underfoot, defended by two warriors with similarly adorned shields. Below, the body of the vase illustrates a marriage procession, possibly representing Hera and Zeus, accompanied by a harmonious ensemble that may include Apollo and Aphrodite, underscoring the importance of divine presence in such rituals. Ahead, Hermes may lead with his characteristic petasos and caduceus. Completing the narrative, a lion and boar face off twice below, emphasizing themes of power and conflict. Found in Vulci, this hydria offers a captivating glimpse into the cultural and mythological themes revered in Greek society."
9362,480BC-470BC (circa),Excavated/Findspot: Chiusi,pottery,painted,,musician; classical deity; religious object,Representation of: Apollo,Attic,Greek,Greece,"This exquisite Attic red-figured kylix, dating from approximately 480-470 BCE, is a testament to the artistry of ancient Greece. Crafted from pottery and adorned with painted scenes, the kylix features a compelling depiction of Apollo, the beardless classical deity, situated within the interior scene. Apollo, adorned with long, wavy hair and a laurel wreath, is portrayed seated on a diphros, clad in an himation around his legs, and playing a large kithara attached to his wrist with a sash decorated with ivy-leaf motifs. He extends a fluted phiale towards a half-seen, blazing altar styled as an Ionic column, symbolizing an altar of Apollo. The exterior scene captures a narrative of interaction; on one side, a woman, garbed in a long-sleeved chiton and an himation, approaches a bearded man offering an oinochoe, while a wreathed youth with a sceptre observes, all set against the backdrop of another Ionic column. On the opposing side, a continuation of this tableau shows partially preserved figures until only gestures remain, augmented by symbolic motifs such as a pair of hanging sandals and rolled tablets with a stylus. Details in purple, including tuning pegs, flames, and wreaths, accentuate the design, accompanied by a running maeander band within the interior and delicate afterthoughts like an exergue left in red. This vessel was unearthed in Chiusi, adding depth to our understanding of Attic craftsmanship and iconography associated with religious and musical themes."
9531,500BC-490BC,Excavated/Findspot: Fikellura grave 211,pottery,painted; incised,,satyr; mammal,,Attic,Greek,Greece,"This Attic black-figure lekythos, crafted between 500 and 490 BC in Greece, is an exquisite example of ancient Greek ceramic artistry. Made from pottery and executed with painted and incised techniques, the lekythos features a vivid scene depicting a deer flanked by two satyrs, a common motif reflecting the interplay between the natural and mythical worlds. The shoulder of the vessel is elegantly adorned with a series of rays, adding to its visual appeal. This artifact was uncovered in Fikellura grave 211, offering a glimpse into the burial practices and artistic preferences of the time. As part of the Greek section, this piece holds cultural significance, resonating with the aesthetics and mythological themes prevalent in Attic art."
9783,500BC (circa),Excavated/Findspot: Vulci,pottery,painted; incised,,mammal; mythical figure/creature,Representation of: Maenads,Attic,Greek,Greece,"This Attic black-figured oinochoe, dating to around 500 BCE, is a fine example of ancient Greek pottery characterized by its intricate painted and incised design. The vessel features a striking decoration in black on a red panel, with a lip ornamented by a chequer-pattern and the neck adorned with alternating palmettes and lotus-flowers, the palmettes being inverted. Below this, pomegranate buds and the use of white and purple accessories further enhance its visual appeal. The scene depicted is of a Maenad, a follower of Dionysus, elegantly seated on a bull moving to the right; she is shown with long hair, wearing a fillet and necklace, and dressed in a long-sleeved chiton patterned with purple spots while playing the crotala, or castanets. Vine-branches with grapes enrich the background, adding a touch of nature to the mythological tableau. This vessel was uncovered in Vulci, an area renowned for its rich archaeological finds, bringing to light the cross-cultural exchanges in Etruscan and Greek art."
9769,500BC-480BC,Excavated/Findspot: Nola,pottery,painted; incised,,dance; satyr; music; mythical figure/creature,Representation of: Maenads,Attic,Greek,Greece,"This Attic black-figured pottery oinochoe, dating from 500 to 480 BCE, exemplifies the artistry of ancient Greece through its intricate depiction of a Dionysiac thiasos. Crafted from pottery with painted and incised techniques, the vessel features a trefoil mouth and a vivid black design set against a white panel, bordered by a network pattern with subtle purple highlights. Central to the scene is a Satyr, his hair looped up, energetically playing the double flute, with the sybenè, or flute case, draped over his left arm. Flanking him are two Maenads, emblematic figures of Dionysian myth and culture, each elegantly adorned in chitons and a fillet, and one sporting a leopard skin, or pardalis, knotted at the front. They are captured in mid-dance, glancing back at the Satyr, with one Maenad engaging percussively through crotala. This captivating scene, set amidst the natural motif of branches, reflects the rich symbolic and cultural iconography of the era. The oinochoe was unearthed in Nola, providing important context to the spread and influence of Attic pottery throughout ancient Greece."
8891,500BC-480BC,Excavated/Findspot: Naukratis,pottery,painted; slipped,Inscription type: inscription Inscription position: in field Inscription language: Greek Inscription script: Greek Inscription quoted: HE[ Inscription translation: He[rakles] Inscription note: Pre-firing glaze dipinto.,mythical figure/creature; classical deity,Representation of: Herakles/Hercules,Attic; Archaic Greek; Classical Greek,Greek,Greece,"This rim sherd comes from an Attic White Ground pottery cup, dating from 500 to 480 BCE, a period bridging the Archaic and Classical phases of Greek art. The sherd is intricately adorned, featuring a sharply offset rim on the interior, glazed in black with the addition of a delicate white band. The exterior showcases a transition from black at the top of the rim to a vibrant painted scene below. This scene includes the tip of a spear on the left, suggesting the presence of Athena, while Herakles is prominently depicted to the right. Herakles, dressed in a lion's skin—meticulously detailed with dilute markings for fur, eyelashes, claws, and stippling—brandishes a club in his raised right hand. Further elements of the depiction include a circle around his pupil, anatomical details, and the strap of his sword belt, with the sword's hilt visible near his stomach. A leg of a tripod crosses his chest diagonally. Inscriptions in Greek, executed as a pre-firing glaze dipinto, are present in the field, and these likely reference Herakles (""He[rakles]""). This artifact, excavated from Naukratis, offers a glimpse into the rich iconography and mythological narratives prevalent in Attic pottery, exemplifying the cultural and artistic milieu of ancient Greece."
8934,500BC-490BC (circa),Excavated/Findspot: Naukratis (according to G&R Department register),pottery,painted,,satyr (possibly); vessel,,Attic; Archaic Greek,Greek,Greece,"This Attic red-figured pottery sherd, dating approximately to 500-490 BCE, represents the artistic conventions of Archaic Greek culture. This particular fragment, identified as a stem and tondo of a type A cup, notably lacks a disjunction between the bowl and stem, but features two scraped grooves on the stem above the foot-plate. The interior boasts a red-figure decoration depicting an ithyphallic figure, possibly a satyr, kneeling on its left leg and either raising or lowering an amphora. The attention to detail is evident in the use of dilute brown for markings on the figure's arms, body, and legs, and an accidental deposit of added red on the left calf. The preliminary sketchwork enhances the dimensionality of the scene. The exterior is glazed black, with the top of the inside of the stem reserved and glazed below. Discovered in Naukratis, according to the Greek and Roman Department register, this sherd offers valuable insight into the ceremonial or symbolic use of such vessels within ancient Greek society."
8799,570BC-560BC (circa),Excavated/Findspot: Naukratis,pottery,slipped; painted,,sphinx,,East Greek; Archaic Greek,Greek,Greece,"This body sherd is from an East Greek, Archaic Greek pottery chalice, specifically crafted in the Chian Simple Animal Style, circa 570-560 BCE. Made of pottery with a white slip, the interior features a streaky black glaze accentuated by two added white bands, demonstrating the sophisticated aesthetic techniques of the period. The exterior bears a painted decoration of a sphinx, positioned to the right, with its rump, chest, and part of the wing visible, indicating its significance in Greek mythology as a symbol of power and mystery. This artifact was unearthed at Naukratis, a prominent trading hub in ancient Egypt, underscoring the cross-cultural exchanges between Greek and Egyptian civilizations during the Archaic period."
10129,515BC-505BC (circa),Excavated/Findspot: Todi,pottery,painted,Inscription type: inscription,war; classical mythology; classical deity; mythical figure/creature,Representation of: Ajax;  Representation of: Hector;  Representation of: Athena/Minerva,Attic,Greek,Greece,"This Attic red-figured stamnos, dating from circa 515-505 BCE, vividly depicts scenes from classical mythology. Crafted from pottery and adorned through the painted technique, the vessel features two dynamic scenes. On one side, the goddess Athena intervenes between the warriors Ajax and Hector, each portrayed in a combat stance with spears and shields. Ajax, identified by the inscription ΑIAΣ, is shown bearded with a helmet tilted back, clad in a chiton, cuirass, and greaves. Hector, whose name is inscribed in retrograde as 'Έκτωρ, bears a shield emblazoned with a Pegasos silhouette, although his face is missing. Athena, depicted with a raised arm in a gesture of prohibition, is dressed in a long chiton and mantle, her name inscribed as Ά]θήναα. The painter, Smikros, has also inscribed his signature on the vessel. On the reverse, a combat scene unfolds over a fallen warrior, with warriors identified as Ευρ[ύ]μαχ[ο]ς and others. The stamnos is further embellished with purple inscriptions and decorative bands of palmettes, key patterns, tongues, and rays. Excavated from Todi, this piece is a remarkable representation of Greek artistry and mythology."
9797,480BC-470BC,Excavated/Findspot: Fikellura grave 61,pottery,painted; incised,,satyr; mythical figure/creature,,Attic,Greek,Greece,"This Attic black-figure oinochoe, dating from 480-470 BC, exemplifies the exquisite artistry of ancient Greek pottery. Crafted from pottery and employing both painted and incised techniques, the vessel features a trefoil mouth and presents a vibrant depiction of a draped maenad moving to the right, glancing back at a bearded nude satyr. This interaction between mythical figures, a hallmark of Dionysian imagery, underscores the cultural and symbolic narratives prevalent in ancient Greece. Despite a missing rim fragment, the oinochoe remains a remarkable testament to Attic craftsmanship. It was excavated from Fikellura grave 61, shedding light on the burial practices and the artistic legacy of the region during this period."
8957,610BC-580BC (circa),Excavated/Findspot: Naukratis,pottery,painted; slipped; incised,,sphinx,,East Greek; Archaic Greek,Greek,Greece,"This upper body sherd originates from a Chian black-figured Sphinx and Lion Style pottery dinos, dating approximately between 610 and 580 BCE. As an exquisite example of East Greek, particularly Archaic Greek pottery, it is crafted from pottery material and demonstrates intricate painted, slipped, and incised craftsmanship. The exterior of this sherd features a decorative frieze with sphinxes facing left. Notably, the tail of the first sphinx is discernible, while a seated sphinx is depicted despite missing its top and forelegs. The detailed artistry includes added red on the hair, wing, underbelly, and haunches, with incised rosettes and pendant rosettes having red centers serving as filler ornamentation. Additional bands cap an incised pendant rosette with a red center located in the lower frieze. This piece was unearthed from the site of Naukratis, shedding light on the shared cultural and artistic dynamics between Greece and the ancient communities of North Africa."
8444,600BC (circa),Excavated/Findspot: Naukratis,pottery,painted; incised,,sphinx (possibly); siren (possibly),,Attic; Archaic Greek,Greek,Greece,"This neck sherd originates from an Attic black-figured pottery amphora, crafted around 600 BC, during the Archaic Greek period. The fragment features a distinct black-figure decoration, portraying what might be a sphinx or siren, with only the curl of the wing and a portion of the head—adorned with added red pigment and a red fillet—still visible. Above the depiction, two black bands provide a striking contrast, while a blob rosette filled with red serves as an ornamental element in the composition. The pottery is made from traditional clay and exhibits techniques of painting and incision, typical of the era's ceramic craftsmanship. This artifact was unearthed in Naukratis, a significant trading hub in ancient Greece that facilitated cultural exchanges between Greek and Egyptian civilizations, thus providing a rich context for this piece."
9375,490BC-460BC,Excavated/Findspot: Fikellura grave 254,pottery,painted; incised,,satyr; classical mythological figure/creature; equestrian,,Attic; Classical Greek,Greek,Greece,"This Attic Classical Greek pottery kylix, dating from 490 to 460 BCE, is a remarkable example of black-figure technique, both painted and incised. The interior depicts a draped maenad holding a circlet, while the exterior features dynamic scenes involving draped figures—some moving to the right, others riding donkeys, and on the left, a satyr harasses another draped figure. This intricate imagery, characteristic of classical mythology, brings to life the interactions between humans and mythical creatures. Crafted from pottery, this kylix exemplifies the artistic sophistication of the period despite a rim fragment being absent. The vessel was unearthed from grave 254 at Fikellura, offering a fascinating glimpse into ancient Greek funerary practices and the culture's rich mythological tapestry."
9766,500BC-480BC,Excavated/Findspot: Fikellura grave 95,pottery,painted; incised,,classical deity; mythical figure/creature,Representation of: Herakles/Hercules (?);  Representation of: Cretan Bull (?);  Representation of: Theseus (?);  Representation of: Bull of Marathon (?),Attic,Greek,Greece,"This Attic oinochoe, dating from 500 to 480 BCE, is a striking example of black-figure pottery featuring a trefoil mouth. Despite its rather worn and coarse style, the design remains captivating, with black figures set against a red panel, adorned with a border of dots above and highlighted with white accessories. The scene depicts a dramatic moment from Greek mythology: a nude, beardless male figure struggling to subdue a bull, potentially representing the legendary Heracles with the Cretan bull or Theseus with the Bull of Marathon. The bull is depicted having fallen forward onto its head and forelegs, while in the surrounding field, branches hang with items such as a chlamys, club, bow, and quiver, adding depth to the narrative. Crafted using painted and incised techniques, this vessel was excavated from Fikellura grave 95, providing a glimpse into ancient Greek burial practices and mythological symbolism."
8925,510BC-480BC ((Beazley archive : 550BC-500BC)),Excavated/Findspot: Naukratis,pottery,painted,,satyr,,Attic; Archaic Greek,Greek,Greece,"This Attic silhouette style pottery sherd, originating from the Archaic Greek period between 510-480 BCE, possibly hails from a type A cup. It was produced using a painted technique on pottery material. The interior features a small reserved tondo adorned with a dynamic whirligig design of four frontal half-satyrs, depicted in silhouette style, forming a circle. Two satyrs raise their right hands, while the others stand with both hands on hips and elbows akimbo. The exterior of the cup is glazed in black, enhanced by a red band on the fillet at the top of the stem; the upper part of the interior of the stem is reserved, transitioning to black lower down. This artifact was unearthed in Naukratis, providing valuable insights into the trade connections and cultural interactions of ancient Greece."
10050,510BC (circa),Excavated/Findspot: Capua (?),pottery,painted,"Inscription type: inscription Inscription language: Greek Inscription script: Greek Inscription quoted: (a) ΕΠΙΚΤΕΤΟΣ ΕΓΡΑΦΣΕΝ, 'Επίκτητος έγραφσεν.
(b) ΠΙΣΤΟΣΞΕΝΟΣ EPOIEΣE, Πιστοξενος έποίησε. Inscription translation: Epiktetos made it
Pistoxenos painted it Inscription note: (b) is partially broken away. The Ν may have been originally painted in.",satyr; classical deity; horse/ass,Representation of: Dionysos/Bacchus,Attic,Greek,Greece,"This exquisite Attic pottery artifact is a red-figured skyphos, crafted around 510 BC. Featuring intricate paintings, side (a) depicts the god Dionysos, bearded and crowned with ivy, adorned in a long chiton with sleeves and a himation. He strides to the right, looking back, holding a cantharos and a vine with leaves and grapes, pursued by a partially obscured satyr and an ithyphallic ass. Side (b) showcases a bearded satyr, also wreathed with ivy and holding a thyrsos in each hand, amidst two ithyphallic, braying asses. The artistry is noted for its spirited drawing, small extremities, and mannered drapery, with purple used for inscriptions, wreaths, and vine leaves, and a separate brown body color for grapes. Greek inscriptions reveal the makers: Epiktetos as the painter and Pistoxenos as the creator, although part of the latter inscription is incomplete. This vibrant piece, capturing scenes rich with classical deities and symbolic animals, was likely excavated in Capua, Italy, and is a vivid representation of the cultural and mythological tapestry of ancient Greece."
9248,430BC (circa),Excavated/Findspot: Nola,pottery,painted,,classical deity; mammal,Representation of: Eros/Cupid,Attic,Greek,Greece,"This Attic red-figured hydria, dating circa 430 BC, presents a captivating scene featuring Eros and a fawn. The depiction shows Eros, characterized by short hair and a fillet with a point over his forehead, gracefully leaning with his left elbow on a raised knee while gently stroking a fawn that rests with folded legs on a rise of ground. In his left hand, Eros holds three sprigs or flowers. The artist's skill is evident, though certain elements display a transition towards a more casual execution. The use of purple adorns the fillet, sprigs, and ground lines, while brown marks are used for inner details, and the fawn's eye is rendered in a simple profile. Below the main imagery, a decorative strip features sets of three meanders interrupted by chequer squares, with the design extending to the shoulder of the vase. This vessel demonstrates the artistry and thematic preferences of the Greek cultural milieu, specifically from the Attic region. It was excavated in Nola, providing a glimpse into the dissemination and reception of Greek pottery beyond its origins."
9866,336BC-335BC (archonship),Excavated/Findspot: Caere (historic),pottery,painted; incised,"Inscription type: inscription Inscription language: Greek Inscription script: Greek Inscription quoted: ΤΟ[Ν]ΑΘΕΝΕΘΕΝΑΘΛΟΝ.
ΠΥΘΟΔΗΛΟΣΝΡΧΕΝ, Πνθόδηλος (η)ρχεν. Inscription translation: One of the prizes from Athens
(When) Pythodelos was archon Inscription note: Inscribed 'kionedon' (letters horizontal cf. vertical, but still down the column). Pythodelos was archon 336 B.C. For the use of ηρχεν cf. Evaiveτos ηρχεν, on the Lysicrates monument, C.I.Gr. 221.",athletics/running; classical deity; classical sport,Representation of: Athena/Minerva,Classical Greek,Greek,Greece,"This Classical Greek Panathenaic amphora, crafted between 336-335 BCE during the archonship of Pythodelos, is a remarkable piece of pottery featuring painted and incised decoration in black on a red ground with white accessories. The obverse displays an archaistic depiction of Athena standing in regal demeanor between two Ionic columns, her right arm brandishing a spear and a shield on her left, adorned with traditional elements such as a high-crested helmet, aegis, and ornate chiton. The columns feature intricate scenes, with the left depicting Triptolemos in a winged chariot drawn by snakes, and the right showcasing Nike holding a staff reminiscent of those used for trophies, each accompanied by Greek inscriptions reading ""One of the prizes from Athens"" and marking Pythodelos's archonship. The neck of the amphora is adorned with a double honeysuckle and elongated tongue pattern. On the reverse, the amphora captures the vigorous movement of a foot-race involving four armed, beardless warriors, each in helmets and equipped with distinctive shields. This amphora, excavated from the historic site of Caere, not only illustrates the artistic excellence of the period but also commemorates the athletic events and religious significance of the Panathenaic festival, with Athena in her role as a patron deity."
8900,520BC-500BC (circa),Excavated/Findspot: Vulci,pottery,painted,Inscription type: inscription,satyr; eroticism/sex,,Attic,Greek,Greece,"This Attic red-figured cup from circa 520-500 BC exemplifies the ceramic artistry of ancient Greece. Crafted from pottery and skillfully painted, the cup's interior highlights a vivid scene within a thin red circle, depicting a wreathed ithyphallic satyr kneeling to the right on a cushion. The satyr holds a large open bowl on his knees, with both hands resting inside it. Surrounding the satyr, the Greek inscription ""ΗΟΠΑΙΣ ΚΑΛΟΣ"" translates to ""the boy is beautiful,"" rendered in purple, which also colors the satyr's wreath. The figure features an archaic-style eye, characterized by an eyeball depicted as a dotted circle. This piece stands as a testament to the erotic and mythological themes prevalent in Greek pottery, offering insights into the cultural and social expressions of the time. The cup was excavated at Vulci, linking it to a significant archaeological site known for its wealth of Greek artifacts."
6233,2400BC-2200BC,Excavated/Findspot: South East Palace (Nimrud),limestone; marble,carved,,mammal; mythical figure/creature,,Early Dynastic III; Akkadian,Mesopotamian,iraq,"This carved cylinder seal, dating from the Early Dynastic III to the Akkadian period (2400-2200 BCE), is a striking artifact of Mesopotamian culture. Fashioned from blue-grey limestone or marble, the seal features an intricate depiction of a crossed lion and bull-man, alongside a stag and lion, highlighting the rich iconography of mythical creatures and mammalian symbols prevalent in ancient Mesopotamian art. The absence of inscriptions does not detract from the artifact's detailed craftsmanship, illustrating both its artistic and utilitarian purposes in ancient societal rituals or administrative activities. Excavated from the South East Palace in Nimrud, Iraq, this piece provides a window into the sophisticated culture and mythological tapestry of the time, serving as a testament to the skill and symbolism of ancient craftsmen in the cradle of civilisation."
6687,2150BC-2000BC,Found/Acquired: Iraq,diorite,carved; polished,,,,Third Dynasty of Ur,Mesopotamian,iraq,"This imposing artifact is a torso carved from black diorite, dating from 2150 to 2000 BC and attributed to the Third Dynasty of Ur. The polished surfaces highlight the craftsmanship, with the figure's hands clasped over its chest, clad in an embroidered tunic featuring a decorated hem visible both on the front and reverse. Though the head and lower body are missing, and the left shoulder bears damage, the statue's meticulous detailing offers insight into the artistic expression of the Mesopotamian era. This votive statue, discovered in Iraq, reflects the religious and cultural significance of material offerings during this period in ancient Mesopotamian society."
7016,800BC-600BC,Excavated/Findspot: Nimrud,limestone,engraved,Inscription type: inscription Inscription position: beneath lion Inscription language: Assyrian Inscription script: cuneiform Inscription translation: .......one eighth....... Inscription note: Shows that the weight belongs in the 'heavy' mina series.,bird; mammal,,Neo-Assyrian,Mesopotamian,iraq,"This Neo-Assyrian limestone measuring-weight, dating from 800 to 600 BC, is skillfully crafted in the shape of a duck. An exquisite engraving of a lion adorns the flank of the duck, signifying the weight as royal property, a typical practice in the period to denote ownership by the ruling class. Beneath the lion, a cuneiform inscription in Assyrian script indicates its classification in the ""heavy"" mina series, with a translation suggesting a reference to ""one eighth,"" which may pertain to its weight measurement. This artifact, a testament to the advanced metrological practices of the Neo-Assyrian Empire, was excavated at Nimrud in present-day Iraq, providing valuable insights into the era's economic and administrative systems."
6408,875BC-850BC,Excavated/Findspot: Temple of Ishtar Sharrat Niphi,marble; bitumen,inlaid; pierced,,griffin,,Neo-Assyrian,Mesopotamian,iraq,"This Neo-Assyrian artifact, dated to 875-850 BCE, is a marble furniture finial or chariot fitting intricately carved in the shape of a griffin's head. The piece exhibits a large, prominent beak, a crest atop its head, and ears, highlighting the artistry of the period. Made from a smooth white stone, the griffin's eye sockets retain extensive remains of bitumen, a detail that suggests inlay work used for added depth and realism. The base of the finial features a circular dowel hole, measuring 1.8 cm in diameter and 3.5 cm deep, while two additional holes in the neck indicate where the piece would have been secured with nails to a likely wooden shaft. Excavated from the Temple of Ishtar at Sharrat Niphi in Iraq, this artifact offers insight into the ceremonial or practical uses of chariot fittings in Neo-Assyrian culture and their symbolic significance within this ancient civilization."
6908,700BC-692BC,Excavated/Findspot: South West Palace (Nineveh),gypsum,carved,,horse/ass; groom,,Neo-Assyrian,Mesopotamian,iraq,"This Neo-Assyrian gypsum wall panel relief, crafted between 700 and 692 BCE, exquisitely depicts horses and grooms departing from the palace of the renowned Assyrian king Sennacherib. As one of three joining sections, it illustrates the sophisticated carving techniques employed by artisans of the time. The panel, carved in gypsum, offers a glimpse into the grandeur of Sennacherib's reign and the significance of equestrian imagery in Assyrian culture. Excavated from the South West Palace in Nineveh, now modern-day Iraq, this relief is a testament to the rich artistic heritage of ancient Mesopotamia."
6039,800BC-550BC,"Found/Acquired: Iraq, South",stone,engraved,Inscription type: inscription Inscription note: Incomplete spell listing the names of Lamashtu.,devil/demon,Representation of: Lamashtu,Neo-Assyrian; Late Babylonian,Mesopotamian,iraq,"This Neo-Assyrian or Late Babylonian stone amulet, produced between 800-550 BCE, is a mottled green artifact designed for spiritual or protective purposes. It is notably inscribed with an incomplete spell listing the names of Lamashtu, the fearsome Mesopotamian demoness associated with ill health and misfortune. The amulet is equipped with a suspension lug, indicating it was likely worn or carried as a talisman. The reverse side is intricately engraved with a figure of Lamashtu, underscoring its role as a protective object against evil forces. Engraved with care, this artifact testifies to the rich tradition of warding off demonic influences in ancient Mesopotamian culture. It was found in southern Iraq, contributing vital insights into regional practices of demonology and personal protection during the period."
6398,882BC (circa),Excavated/Findspot: Shamash Temple,limestone,carved; incised; inlaid (originally),Inscription type: inscription Inscription language: Akkadian Inscription script: cuneiform Inscription note: States that it was presented by Sennacherib to his son Esarhaddon.,mammal,Named in inscription: Sennacherib;  Named in inscription: Esarhaddon,Neo-Assyrian,Mesopotamian,iraq,"This Neo-Assyrian limestone artifact, circa 882 BCE, is a meticulously carved lion's head originally crafted with inlaid features, though the recessed eye-sockets, wrinkled nose, and whiskers retain no traces of their former embellishments. The piece bears a cuneiform inscription in Akkadian, which reveals its significance as a gift from King Sennacherib to his son, Esarhaddon. This symbolic gesture likely held deep political or cultural significance, reflecting the era's intricate dynastic relationships within the Assyrian Empire. Unearthed from the Shamash Temple in present-day Iraq, this sculpture offers a glimpse into the artistic and ceremonial practices of the time, capturing the enduring legacy of Neo-Assyrian artistic craftsmanship and royal patronage."
6549,2000BC-1000BC,Excavated/Findspot: Diqdiqqah (Ur),steatite,pierced; engraved,,arachnid; bird; sun/moon,,Isin-Larsa; Old Babylonian; Kassite,Mesopotamian,iraq,"This artifact is a flat, rectangular stamp-seal crafted from black steatite, dating from approximately 2000 to 1000 BCE, during the Isin-Larsa, Old Babylonian, and Kassite periods. Integral to Mesopotamian culture, the seal features a distinctive lug or boss handle on the back, permitting suspension, with a hole cleverly pierced through the handle. The base is intricately engraved with a design that includes a crescent, a bird in a rampant position, a scorpion, and a long-necked bird, embodying prevalent themes such as arachnids, birds, and celestial symbols like the sun and moon. Although the surface shows signs of abrasion, these engravings reflect the artistic expression and symbolism of ancient Mesopotamian society. This seal was excavated at Diqdiqqah, near Ur in present-day Iraq, offering glimpses into the utilitarian and ceremonial functions of such objects within the cultural tapestry of the region."
6638,2250BC (about),Excavated/Findspot: Abu Shahrain (Eridu),calcite,carved,,women/feminism; jewellery,,Akkadian,Mesopotamian,iraq,"This Akkadian calcite stela, dating from around 2250 BCE, depicts a female figure intricately carved in low relief. The figure is adorned with a multiple string necklace or choker, featuring a vertical division towards the back that may indicate a single plait of hair crossing it or more likely, the clasp. Below the choker hangs another looser neck ornament, the end of which rests on the right breast, while damage around the left breast suggests it was originally covered, potentially by the figure's hand. Notably, the lower lip is characterized by natural pink veining in the calcite rather than painted pigment. This fragmentary stela, unearthed at Abu Shahrain (ancient Eridu) in Iraq, provides valuable insights into the representation of women and jewelry in the Akkadian culture, underscoring themes of femininity and adornment."
6599,2500BC,Excavated/Findspot: Abu Habba (Sippar),limestone,carved,"Inscription type: inscription Inscription script: cuneiform Inscription note: States that the statue was dedicated to the sun god Shamash, on behalf of Ikun-Shamash, king of Mari, by Arra'il, one of his officials.",,Named in inscription: Shamash;  Named in inscription: Iku-Shamash;  Named in inscription: Arra'Il,Early Dynastic III,Mesopotamian,iraq,"This Early Dynastic III limestone statue, carved circa 2500 BC, represents a beardless seated man, though its head is now missing. Crafted using intricate carving techniques, the statue bears a cuneiform inscription that reveals its devotional nature. It was dedicated to the sun god Shamash by Arra'il, an official acting on behalf of Ikun-Shamash, the king of Mari. Such inscriptions provide valuable insights into the religious practices and hierarchical society of ancient Mesopotamia. The statue was excavated in Abu Habba, ancient Sippar, in modern-day Iraq, a site rich with historical significance as a center of worship and scholarship in Mesopotamian culture."
6496,6000BC-5000BC,Excavated/Findspot: Arpachiyah,steatite; serpentine,incised,,,,Halaf,Mesopotamian,iraq,"This artifact is a Halaf culture stamp-seal dating from 6000 to 5000 BC, uncovered at the archaeological site of Arpachiyah in present-day Iraq. Crafted from green steatite or serpentine, this conical or circular seal features incised geometric cross-hatched designs on its flat face, though it is partially broken. Such seals have significant historical importance, often serving administrative purposes or indicating ownership, reflecting the societal complexity and artistry of the Halaf period in Mesopotamia. The piece provides valuable insight into early computational methods and emblematic practices in ancient Mesopotamian civilization."
6628,810BC-783BC,Excavated/Findspot: Nineveh (historic - Iraq),stone,incised,Inscription type: inscription Inscription language: Akkadian Inscription script: cuneiform Inscription note: On both sides,reptile,Associated with: Adad-nirari III;  Associated with: Nergal-eresh,Neo-Assyrian,Mesopotamian,iraq,"This fragment of an inscribed stone stela, originating from the Neo-Assyrian period between 810-783 BCE, was unearthed in Nineveh, Iraq. It features a horizontal incised cuneiform inscription in Akkadian on both sides, documenting a royal grant by King Adad-nirari III, designating Nergal-eresh as governor of the province of Hindanu. The stela is adorned with an incised snake design along its edge, a distinctive feature amidst its heavily burnt surfaces, suggesting the effects of fire in antiquity. Crafted from stone using incised techniques, the artifact not only embodies significant historical governance practices but also reflects the symbolic importance of reptiles within Assyrian iconography. This piece provides a rare glimpse into the administrative practices of the ancient Mesopotamian empire."
7003,874BC (or slightly later),Excavated/Findspot: North West Palace,gypsum,incised,"Inscription type: inscription Inscription position: top of panel Inscription script: cuneiform Inscription note: Reverse of relief carved with so called 'standard inscription' summarising the achievements of the king, which was written across virtually every panel of the North West palace in Nimrud.
Another version of this text was written on the reverse side of the panels, invisible against the mud-brick wall.",king/queen; flower; arms/armour; attendant; charioteer/chariot; horse/ass; cattle; wild cat/big cat; mesopotamian myth/legend,,Neo-Assyrian,Mesopotamian,iraq,"This Neo-Assyrian gypsum wall panel relief, dating from 874 BCE or slightly later, vividly depicts King Ashurnasirpal II on a campaign. The king is shown in a royal chariot, traversing a hilly landscape with attendants, as indicated by the schematic representation of a river and the textured ground. Ashurnasirpal II is distinguished by his conical crown and impressive beard; he brandishes two upright arrows and a lowered bow, symbolizing victory. His regalia includes a sword with a lion-decorated sheath, two rosette-adorned wristlets, and a chariot equipped with decorated quivers and a spiked shield featuring a lion's head boss. An attendant shields the king with a sunshade, while a charioteer skillfully manages the horses, highlighted by a four-rein setup, typical of Assyrian royal chariots of the era. Though only three horses are shown, such chariots likely employed a team of four, led by an armed groom who mirrors the king's wristlet ornamentation. This panel, originally part of a corner section in the North West Palace, was divided for transport in the 19th century, and features the 'standard inscription' in cuneiform at its top, echoing the king's accomplishments across the palace's panels in Nimrud. It was excavated from the North West Palace in Iraq, attesting to the rich cultural heritage of the Mesopotamian region."
6633,900BC-800BC,Excavated/Findspot: Marduk Temple (Babylon),diorite,carved,"Inscription type: inscription Inscription script: cuneiform Inscription transliteration: (1) ṣal-mu (m. ilu)Adad-eṭir (amêlu)naš-paṭri (ilu)Marduk
(2) si-mat (ilu)Sin (ilu)Šamaš u (ilu)Nergal
(3) pa-liḫ (ilu)Nabû u (ilu)Marduk ka-rib
(4) šarri-šu bêli-šu (m. ilu)Marduk-balâṭ-su-iḳ-bi
(5) mâru-šu rabû(u) epuš-ma
(6) a-na ṣa-at u-me
(7) a-na zêri-šu u pirʾi-šu
(8) u-kin
(9) man-nu arkû(u)
(10) ša ṣal-mu
(11) u (abnu)narâ
(12) an-na-a
(13) ub-ba-tu
(14) lu-u i-na
(15) ši-pir ni-kil-tu u-ḫal-li-ḳu
(16) (ilu)Marduk bêlu rabû(u) iz-zi-iš
(17) lik-kil-me-šu-ma šum-šu u zêr-šu
(18) lu-ḫal-liḳ (ilu)Nabû dup-šar gim-ri
(19) minât(pl.) umê(pl.)-šu arkûti(pl.) lušal-me(me)
(20) [n]a-ṣir-šu la-li-e balâṭi liš-bi Inscription translation: (1) (This) image of Adad-etir, the dagger-bearer of Marduk,
(2) adorned by Sin, Shamash, and Nergal,
(3) who fears Nabu and Marduk, who owes allegiance
(4) to the king, his lord, Marduk-balatsu-ikbi,
(5) his eldest son, has fashioned,
(6) and for future days,
(7) for his seed and his posterity,
(8) has set up.
(9) Whosoever in days to come 
(10) the image
(11 f.) or this memorial-stone
(13) shall destroy,
(14) or by means of
(15) a crafty device shall cause them to disappear,
(16) may Marduk, the great lord, in anger
(17) look upon him, and his name and his seed
(18) may he cause to disappear! May Nabu, the scribe of all,
(19) curtail the long number of his days!
(20) But may the man who protects it be satisfied with the fulness of life! Inscription note: Dedication in honour of Adad-etir, dagger-bearer of Marduk, by his son Marduk-balassu-iqbi; the text invokes curses on anyone who may deface it.",priest/priestess; sun/moon; arms/armour,Named in inscription: Adad-Etir (temple official);  Named in inscription: Marduk-balassu-iqbi (Dedicator of stela);  Named in inscription: Marduk;  Named in inscription: Nabu;  Named in inscription: Sin;  Named in inscription: Shamash,Middle Babylonian,Mesopotamian,iraq,"This Middle Babylonian commemorative stone stela, dating from the 9th to the 8th century BCE, is crafted from diorite and takes the form of a boundary-stone, known as a kudurru. The artifact features a fiat panel with figures and symbols in low relief, while the majority of the cuneiform inscription resides on the flat surface, with the concluding seven lines extending lower on the stone. The stela honors Adad-etir, a dagger-bearer of Marduk, and was erected by his eldest son, Marduk-balassu-iqbi. The imagery includes a winged solar disc, a crescent, and a lion-headed mace upon a pedestal, symbolically protecting the stone and its inscriptions, the latter of which invoke dire imprecations against those who would deface it. The text also calls blessings for those who preserve it. The stela's historical context is enriched by the presence of figures like Sin, Shamash, Nergal, and Nabu, gods of ancient Mesopotamia. It was excavated from the Marduk Temple in Babylon, adding to its cultural and devotional significance."
6605,2400BC,Found/Acquired: Iraq,gypsum,carved,Inscription type: inscription Inscription script: cuneiform Inscription note: States that this statue was dedicated to the goddess Nin-shubur of the city of Der by Enzi and his son Amar-kiku.,,Named in inscription: Nin-Shubur;  Named in inscription: Enzi;  Named in inscription: Amar-Kiku,Early Dynastic III,Mesopotamian,iraq,"This gypsum statue, originating from the Early Dynastic III period around 2400 BCE, exemplifies Mesopotamian craftsmanship with its intricate carving and an inscription on the back. Though the head is missing, the statue's polished concave underside suggests it was skillfully shaped. The cuneiform inscription reveals its dedication to the goddess Nin-Shubur of the city of Der by Enzi and his son Amar-Kiku, indicating the statue's religious and cultural significance during its time. Excavated in Iraq, this artifact provides a tangible link to the religious practices and societal hierarchies of ancient Mesopotamia."
6460,2450BC,Excavated/Findspot: Tello,stone,carved,Inscription type: inscription Inscription script: cuneiform Inscription translation: Enannatum.,king/queen,Named in inscription & portrayed: Enannatum I (?),Early Dynastic III,Mesopotamian,iraq,"This Early Dynastic III stone plaque, dated to around 2450 BCE, originates from the region of Lagash, present-day Iraq, and portrays Enannatum I, an influential king or governor. The carved stone artifact depicts Enannatum in an attitude of worship, distinguished by his folded hands. Cuneiform inscriptions on the plaque further identify the figure as Enannatum. As a representative example of Mesopotamian artistry, the plaque offers insight into the religious and political landscape of ancient Lagash. Excavated at Tello, this artifact is an important piece of Mesopotamian heritage, reflecting both the craftsmanship and the cultural narratives of the period."
6850,700BC-692BC,Excavated/Findspot: South West Palace (Nineveh),gypsum,carved,,horse/ass; groom,,Neo-Assyrian,Mesopotamian,iraq,"This exquisite Neo-Assyrian gypsum wall panel relief, dating from 700BC to 692BC, captures a vivid scene from the ancient world, depicting horses and grooms departing from the palace of the renowned king Sennacherib. Carved with careful attention to detail, the relief is one of three joining slabs that together narrate a story of regal movement and ceremonial procession. As a product of the South West Palace in Nineveh, the piece exemplifies the artistic prowess and cultural expressions prevalent in Mesopotamia during this period. Excavated from its original context in modern-day Iraq, it offers a glimpse into the grandeur and complexity of Assyrian royal life, reflecting the significance of horses and grooms within the societal hierarchy and ceremonial practices of the era."
6620,2113BC-2111BC,Excavated/Findspot: Lagash (historic),stone,carved; polished,"Inscription type: inscription Inscription script: cuneiform Inscription note: Dedication to goddess Nanshe, on behalf of Nam-Mahani, by lady Ninkagina, daughter of Kaku.",mammal,Named in inscription: Nanshe;  Named in inscription: Nammahani;  Named in inscription: Kaku,Third Dynasty of Ur,Mesopotamian,iraq,"This exquisite statuette from the Third Dynasty of Ur, dating back to 2113-2111 BCE, elegantly merges animal form with human likeness through its depiction of a reclining human-headed bull. Skillfully carved from black stone with polished surfaces, it is adorned with a cuneiform inscription that bears a dedication to the Mesopotamian goddess Nanshe. This inscription denotes an offering made by Lady Ninkagina, daughter of Kaku, on behalf of Nam-Mahani, suggesting a strong cultural and religious undertone. The artifact, embodying the artistic and devotional practices of early Mesopotamian civilization, was excavated from the historic site of Lagash in present-day Iraq, contributing to our understanding of the religious and societal dynamics of the era."
6532,3000BC-2900BC,Excavated/Findspot: Ur (historic - city),stone,pierced; drilled,,mammal,,Jemdet Nasr,Mesopotamian,iraq,"This Jemdet Nasr period white stone stamp-seal, dating from 3000 to 2900 BC, is intricately carved in the form of a couchant boar. The artifact is meticulously crafted using piercing and drilling techniques, featuring a design on its base depicting one animal in pursuit of another. Despite chipping and cracks on the front, the seal's vivid imagery captures the artistic endeavours of early Mesopotamian civilization. Characterized by a laterally pierced hole, the seal was excavated from the historic city of Ur, nestled in present-day Iraq, shedding light on the symbolic and functional role of seals in ancient Sumerian society."
6675,2500BC (about),Excavated/Findspot: Royal Cemetery (Ur),travertine,carved; polished,,,,Early Dynastic III,Mesopotamian,iraq,"This Early Dynastic III stone tumbler, dating to approximately 2500 BC, is a remarkable artifact from ancient Mesopotamia. Carved from green travertine, this piece is distinguished by its tall cylindrical shape and the presence of striking horizontal reddish veins. Expertly polished, the tumbler exemplifies the sophisticated stone-carving techniques of the period. The artifact was excavated from the Royal Cemetery at Ur, underlining its significance within the context of ancient Mesopotamian funerary practices and the opulence associated with royal burials. This finely crafted piece provides valuable insight into the material culture and artistry of one of history's earliest civilizations."
6437,2300BC-2100BC,Excavated/Findspot: Royal Cemetery (Ur),shell,cut; incised,,bird,,Akkadian,Mesopotamian,iraq,"This exquisite Akkadian shell lamp, dating from 2300 to 2100 BCE, is a testament to the craftsmanship of Mesopotamian culture. Fashioned from shell, the lamp features a prominently engraved bird's head at the upper end of its aperture, symbolizing the artistic naturalism prevalent in ancient Akkadian society. Its decoration is further enhanced by meticulously incised wavy lines, showcasing the intricate technique employed by its creators. This artifact was unearthed at the Royal Cemetery of Ur in present-day Iraq, a site renowned for its rich historical significance and ties to the illustrious Sumerian and Akkadian civilizations."
6387,2400BC-2200BC,Excavated/Findspot: South East Palace (Nimrud),greenstone,carved,"Inscription type: inscription Inscription position: FRONT Inscription language: Babylonian Inscription transliteration: ir-ra saga. Inscription translation: Irra, priest.",mammal; mythical figure/creature; sun/moon; deity; leaf; arms/armour; vessel; devotee/worshipper; planet/constellation,,Akkadian,Mesopotamian,iraq,"This Akkadian cylinder seal, dating from 2400-2200 BCE, is meticulously carved from greenstone. The seal's intricate design features an array of figures and scenes: a worshipper in a fringed robe stands with clasped hands beneath a recut star and crescent, symbolizing celestial bodies. A bearded god, donning a striped skirt, holds a mace and a possible whip over his right shoulder while managing the halter of a mythical bird-lion. Another scene depicts a bearded deity, clad in a loin-cloth, kneeling to pierce a bull's neck. Above the bull, a figure in a striped skirt extends both hands amidst streaming water, with foliage depicted near the figure's left hand. The terminal illustration shows a pot releasing a vertical stream of water, echoing the theme of abundance or purification. An unframed line of Babylonian inscription reads ""Irra, priest,"" offering insight into the seal's significance or ownership. This artifact, excavated from the South East Palace in Nimrud, Iraq, serves as a testament to the symbolic and religious intricacies of Akkadian culture."
6498,6000BC-5000BC,Excavated/Findspot: Arpachiyah,limestone,incised; perforated; glazed,,,,Halaf,Mesopotamian,iraq,"This conical stamp-seal, originating from the Halaf culture between 6000 and 5000 BCE, is a notable piece of early Mesopotamian craftsmanship. Made from limestone and featuring a faint blue glaze, the seal's geometric design comprises criss-cross incised lines on its flat circular base. The artifact is distinguished by a high pierced lug at the back, showcasing intricate incising and perforation techniques. As a representative of Halaf artistry, this stamp-seal exemplifies the era's aesthetic and functional utility, likely serving as a tool for pressing patterns onto a soft material, such as clay or dough. Excavated from Arpachiyah in modern-day Iraq, it provides valuable insight into the social and cultural practices of early Mesopotamian societies."
6604,2600BC,Found/Acquired: Iraq,calcite,carved; polished,Inscription type: inscription Inscription position: shoulder Inscription language: Akkadian Inscription script: cuneiform Inscription translation: Urlammarak viceroy of AN.PA.x Inscription note: Additional cuneiform doodling on the back.,,,Early Dynastic II; Early Dynastic III,Mesopotamian,iraq,"This captivating Early Dynastic II-III calcite statue, dating back to around 2600 BCE, originates from Mesopotamia and was found in Iraq. The statue depicts a bearded man with long hair, skillfully carved and polished from calcite. Notably, the nose appears to have been a separate attachment, suggesting advanced crafting techniques of the period. The statue is adorned with an Akkadian cuneiform inscription, which is positioned on the shoulder, reading ""Urlammarak viceroy of AN.PA.x."" Additional cuneiform doodling adorns the back, offering a glimpse into the textual practices of the time. This artifact serves as an artistic representation of early Mesopotamian sculpture, providing insight into the cultural and leadership structures of the era."
6045,1800BC (about),Excavated/Findspot: Nineveh (historic - Iraq) (?),limestone,carved,,mammal; warrior,,Old Babylonian,Mesopotamian,iraq,"This Old Babylonian limestone basin, dating to approximately 1800 BCE, is an exquisite example of Mesopotamian artistry. The exterior of the basin is adorned with intricately carved low-relief scenes depicting a warrior engaged in combat with a lion, a powerful motif symbolizing strength and heroism. Notably, the central portion of the base of the basin is worn through, suggesting it may have been used as a socket. Crafted with precision, this carved piece highlights the artistic techniques and cultural narratives of the era. The basin was excavated in the historic region of Nineveh, present-day Iraq, offering a glimpse into the rich cultural heritage of ancient Mesopotamia."
6998,875BC-860BC,Excavated/Findspot: North West Palace,gypsum,incised,Inscription type: inscription Inscription position: bottom of panel Inscription script: cuneiform Inscription note: Traces of the standard inscription.,jewellery; vessel; musician; musical instrument; king/queen; prince/princess (?); eunuch; attendant; cattle; charioteer/chariot; food/drink; arms/armour; mesopotamian myth/legend,Representation of: Ashurnasirpal II;  Representation of: Shalmaneser III,Neo-Assyrian,Mesopotamian,iraq,"This Neo-Assyrian gypsum wall panel, crafted between 875-860 BCE, vividly depicts a royal bull hunt in relief, highlighting the prowess of King Ashurnasirpal II. The scene captures the royal chariot, rushing to the right, over a fallen bull, with the king himself, in his distinctive royal hat, turning to confront another bull charging from behind. In a display of might, he grasps the bull by its horn while driving his sword into its neck, later resting his bow to pour a triumphant libation of wine. The panel is animated with royal bodyguards, all beardless eunuchs, wielding maces, and attendants carrying a fan and sunshade, while an officer, likely the future King Shalmaneser III, is depicted facing Ashurnasirpal, adorned in similar attire. A chief eunuch stands alongside, and musicians with harps perform to the right of the scene. Behind the king, an armed horseman, bearing a shield, leads a royal steed with a saddlecloth in a geometric pattern, reminiscent of Middle Eastern designs still seen today. The lower edge of the panel bears traces of cuneiform inscriptions, adding to the historical richness of the artifact. Excavated from the North West Palace in Iraq, this artwork exemplifies the grandeur of Assyrian royal iconography and storytelling."
6088,2100BC-2000BC,Excavated/Findspot: Ur (historic - city),chlorite,perforated,,sun/moon; deity; devotee/worshipper,,Third Dynasty of Ur,Mesopotamian,iraq,"This ancient chlorite cylinder seal, originating from the Third Dynasty of Ur and dated between 2100-2000 BCE, exemplifies Mesopotamian craftsmanship with its standard presentation scene. The seal features a shaven-headed worshipper, clad in a fringed robe, who is depicted raising his right hand as he is led by a hand-holding goddess. This goddess, adorned in a striped robe with a double-rolled hem and a single pair of horns on her head-dress, approaches another seated goddess with a similar head-dress and a flounced robe, though the flounces have faded over time. The seated deity, extending her right hand, is positioned beneath a faint crescent moon, enhancing the celestial theme. The original scene, now heavily worn and recut, has been altered by a new, framed three-line inscription that has obliterated the worshipper, leaving the surface considerably flatter on one side. The seal was excavated in the historic city of Ur, providing valuable insights into the religious and cultural practices of the era."
6556,6000BC-5000BC,Excavated/Findspot: Arpachiyah,chert,incised; pierced,,,,Halaf,Mesopotamian,iraq,"This incised chert artifact, originating from the Halaf culture between 6000 and 5000 BC, is a sickle-shaped stamp-seal or amulet with a serrated edge, serving both decorative and possibly functional purposes. Its design includes a pierced lobe for suspension, suggesting it may have been worn or displayed. Despite its age, it remains substantially intact, though with noted chipping and deposit accumulation. As an example of early Mesopotamian craftsmanship, this piece offers valuable insights into the symbolic and utilitarian aspects of objects from the era. It was excavated at Arpachiyah, a site in modern-day Iraq, further enriching our understanding of ancient Halafian society and its use of stamped imagery."
6571,6000BC-5000BC,Excavated/Findspot: Arpachiyah,serpentine,incised; pierced,,,,Halaf,Mesopotamian,iraq,"This sub-circular stamp-seal, crafted from serpentine and dating between 6000-5000 BC, originates from the Halaf culture of ancient Mesopotamia. The seal is intricately incised with a geometric design featuring a central cross motif surrounded by smaller incisions, indicative of its meticulous craftsmanship. It is pierced for suspension, suggesting it may have also served as an amulet. Despite being chipped and abraded, the seal remains a valuable artifact, offering insights into the symbolic and decorative practices of the Halaf people. This piece was excavated at Arpachiyah in present-day Iraq, reflecting the rich cultural heritage of the region during the Neolithic period."
6308,3000BC-2900BC (circa),"Excavated/Findspot: Iraq, South (probably)",stone,carved; engraved,,mammal; temple,,Jemdet Nasr,Mesopotamian,iraq,"This short cylinder seal, originating from the Jemdet Nasr period in Mesopotamia, dates back to circa 3000-2900 BCE. Expertly carved and engraved from dark yellowish stone, it features a shallow relief depicting a temple alongside a quadruped walking to the right, emblematic of the era's artistic and cultural motifs. This seal offers insight into the symbolism and practices of the time, possibly relating to religious or administrative activities. Discovered in southern Iraq, this artifact underscores the region's rich archaeological heritage and its role in early urban development in the ancient Near East."
5912,618-906,Excavated/Findspot: Dar al-Khilafa,porcelain; pottery,glazed,,,,Tang dynasty,Tang dynasty,China,"This artifact is a sherd, specifically the base of a vessel, originating from the Tang dynasty in China, crafted between 618-906 CE. Made from white glazed porcelain, it features a low bi footring, a notable characteristic of Tang ceramic wares. The glaze within the footring displays numerous inclusions, indicative of the vessel's artisanal production techniques. This piece encapsulates the advanced ceramic craftsmanship of the Tang period, reflecting the era's aesthetic values and functional designs in pottery. It was excavated from Dar al-Khilafa, offering valuable insights into the trade and distribution of Chinese porcelain during this culturally rich period in Chinese history."
5908,618-906,Excavated/Findspot: Dar al-Khilafa,porcelain; pottery,glazed,,,,Tang dynasty,Tang dynasty,China,"This artifact is a sherd from a lid dating back to the Tang dynasty, produced between 618-906 CE, originating from China. Crafted from white glazed porcelain with a subtle greenish tinge, the piece exhibits intricate cut patterns, suggesting its use as part of an incense burner or potpourri container. Both sides of the sherd are glazed, showcasing the refined ceramic techniques of the period. This exquisite piece was unearthed at Dar al-Khilafa, offering a glimpse into the sophistication and utility of Tang dynasty porcelain artifacts."
5439,618-906,Found/Acquired: China,stoneware,glazed; marbled,,,,Tang dynasty,Tang dynasty,China,"This neck-less jar from the Tang dynasty, dating between 618-906 CE, exemplifies the intricacy of marbled ware pottery. Crafted from red and buff earthenware stoneware, the jar showcases a striking marbled effect achieved by mixing clays of different colors prior to shaping. A transparent yellow lead glaze covers the piece, highlighting the marbled design and enhancing its aesthetic appeal. This artifact, a testament to the innovative ceramic techniques of the Tang dynasty, was discovered in China, underscoring the region's rich cultural heritage in pottery craftsmanship."
5493,618-906,Found/Acquired: China,earthenware; gold,pigmented; gilded,,,,Tang dynasty,Tang dynasty,China,"This figure, originating from the Tang dynasty between 618-906 CE, exemplifies the artistic and cultural expressions of this period. Crafted from pigmented and gilded earthenware, the piece is a representation of a lokapala, a guardian deity, highlighting the blend of spiritual significance and ornamental sophistication prevalent in Tang art. The use of gold suggests a high level of craftsmanship and the importance placed on such figures in the religious or ceremonial contexts of the era. Discovered in China, this artifact embodies the remarkable artistic traditions of the Tang dynasty, providing insights into the period's spiritual and aesthetic values."
5520,618-906,Found/Acquired: China,porcelain,glazed,,animal,,Tang dynasty,Tang dynasty,China,"This porcelain figure of a lion, originating from the Tang dynasty in China and dating from 618-906 CE, exemplifies the refined craftsmanship of the era. It is crafted from buff porcelain and adorned with a cream and green splashed glaze, giving it a distinctive and vibrant appearance. The lion, a common subject in Tang dynasty art, symbolizes power and protection, reflecting the cultural significance of such figures in Chinese tradition. This artifact was found in China, contributing to our understanding of Tang dynasty artistry and its legacy in ceramic production."
5459,618-906,Found/Acquired: Luoyang,earthenware,glazed,,,,Tang dynasty,Tang dynasty,China,"This Tang dynasty figure, made between 618-906 CE, represents a lady crafted from glazed straw earthenware, reflecting the period's artistic aesthetics and craftsmanship. The use of glazed earthenware was prevalent in the Tang dynasty for both decorative and functional objects, showcasing the era's advancements in ceramic technology. This figurine was found or acquired in Luoyang, a significant cultural center during the Tang dynasty in China, which was renowned for its thriving market and diverse cultural influences. The discovery of this artifact at such a historically important site adds to its cultural and historical value, encapsulating aspects of Tang society and art within its craftsmanship."
5778,618-906; 800-825 (circa (Rawson 1992)),Found/Acquired: China,earthenware,glazed,,plum blossom/tree,,Tang dynasty,Tang dynasty,China,"This earthenware lidded box, attributed to the Tang dynasty and crafted between 800-825 CE, exemplifies the distinctive lead-glazed 'sancai' ware of this period. Its base remains unglazed, while the lid is adorned with a decorative motif of plum blossom flowers, rendered in a yellow, mottled, white glaze against a buff-colored background. This artistic choice reflects the Tang dynasty's appreciation for nature-inspired designs and their innovative use of vibrant glazes. Discovered in China, this artifact highlights the craftsmanship and aesthetic values of its era, offering insight into the decorative arts within the broader context of Tang cultural and technological advancements."
5530,618-906,Found/Acquired: China,earthenware,painted,,,,Tang dynasty,Tang dynasty,China,"This elegant figure of a lady, crafted from painted earthenware, originates from the Tang dynasty, dating between 618-906 CE. The artifact exemplifies the Tang period's artistic expression, renowned for its vibrant use of color and lifelike representation. While specific inscriptions are absent, the piece's cultural context suggests it could have been part of burial or ritual settings, reflecting the period's emphasis on opulence and ceremonial practices. The figure was discovered in China, further anchoring it in the historical narrative of a dynasty known for its artistic flourish and influence across regions."
5383,1368-1644,Found/Acquired: China,earthenware,glazed,,animal,,Tang dynasty; Ming dynasty,Tang dynasty,China,"This exquisite earthenware cup, dating from the late Tang dynasty through the Ming dynasty (1368-1644), is a remarkable example of Chinese craftsmanship. It is distinguished by its cream glaze and unique design, featuring three lion-shaped feet that reflect both artistic and cultural significance. The use of animal motifs is characteristic of the period, symbolizing strength and protection, and speaks to the aesthetic preferences in medieval Chinese artistry. This artifact was found in China, offering valuable insight into the ceramics that were both cherished and utilized during these significant historical eras."
5481,618-906,Found/Acquired: China,earthenware,slipped,,bird,,Tang dynasty,Tang dynasty,China,"This Tang dynasty figure, dating from 618-906 CE, is crafted from slipped earthenware and represents a Westerner accompanied by a bird. The piece reflects the Tang dynasty's openness to foreign influences, depicted here through the portrayal of a non-Chinese individual. The use of earthenware with a slip finish highlights the period's ceramic techniques, which allowed for more detailed and vivid representations. Unearthed in China, this artifact provides a glimpse into the cultural interactions and artistic expressions prevalent during one of China's most culturally vibrant eras."
5792,618-906,Found/Acquired: Shanxi (province),ceramic,moulded,"Inscription type: inscription Inscription position: back Inscription language: Chinese Inscription script: standard script Inscription transliteration: da tang shang ye wojen [?] de ru miyau se shen Inscription translation: In the reign of the great Tang, worthy gift to obtain the true body of the Buddha Inscription note: Inscription in twelve boxes",buddha,Representation of: Buddha,Tang dynasty,Tang dynasty,China,"This expertly crafted ceramic plaque from the Tang dynasty, dated between 618-906 CE, exemplifies the rich artistic heritage of China’s Buddhist culture. The plaque depicts a central seated Buddha, accompanied by nine subsidiary Buddhas, showcasing the iconographic style typical of the period. Notably, the reverse of the plaque bears a stamped inscription in Chinese standard script, structured in twelve boxes. This inscription reads, ""In the reign of the great Tang, worthy gift to obtain the true body of the Buddha,"" indicating the artifact's spiritual significance as a devotional object. Made using a moulding technique, this grey ceramic plaque was discovered in Shanxi province, further connecting it to the Tang dynasty's regional influence in promoting Buddhism across China."
5365,618-906; 800-825 (circa (Rawson 1992)),Found/Acquired: China,earthenware,glazed,,,,Tang dynasty,Tang dynasty,China,"This exquisitely crafted lidded box from the Tang dynasty, dating approximately between 800-825 CE, embodies the refined aesthetic of its era. Made from earthenware, it is adorned with lead glazes in the traditional 'sancai' technique, presenting a harmonious blend of green and brown hues. The decorative motifs achieved through resist decoration highlight the sophisticated craftsmanship characteristic of Tang artisans. While the base remains unglazed, this serves to accentuate the vividness and intricacy of its glazed exterior. This artifact, discovered in China, is a testament to the flourishing ceramic production and artistic innovation during the Tang dynasty, offering a glimpse into the cultural and artistic practices of the time."
5418,618-906,Found/Acquired: China,stoneware,glazed,,,,Tang dynasty,Tang dynasty,China,"This Tang dynasty dish, produced between 618-906 CE, exemplifies the exquisite craftsmanship of Yue glazed stoneware from China. Characterized by its distinctive green ware glaze, the dish highlights the subtle elegance and sophisticated kiln techniques developed during the Tang period, a time noted for its cultural prosperity and innovation in ceramic arts. This artifact, found or acquired in China, reflects the sophisticated aesthetic values and the era's technological advancements in pottery. Its preservation offers invaluable insight into the material culture and historical legacy of the Tang dynasty."
5461,618-906,Found/Acquired: Yonghe,earthenware,glazed,,animal; equestrian; horse/ass; musician,,Tang dynasty,Tang dynasty,China,"This exquisite Tang dynasty earthenware figure, dating from 618-906 CE, depicts a horse with a musician rider, encapsulating the vibrant cultural essence of the era. The figure is crafted from white-buff earthenware, finished with a straw-colored glaze that lends it a subtle sheen characteristic of Tang glaze techniques. The subject matter—an equestrian theme featuring a musician—reflects the importance of music and horseback riding in Tang society, both activities being esteemed in courtly and ceremonial contexts. This artifact, unearthed in Yonghe, China, provides a captivating glimpse into the artistic sophistication and cultural practices of the Tang dynasty, symbolizing its rich legacy in ceramic artistry."
5219,618-906,Found/Acquired: China,earthenware,glazed,,,,Tang dynasty,Tang dynasty,China,"This exquisite Tang dynasty bowl, dating from 618-906 CE, is a testament to the artistry of Chinese ceramicists of the period. Crafted from earthenware, this vessel features a distinctive spout and is adorned with a vibrant sancai glaze—a prominent technique of the era—boasting an elegant palette of blue and brown-orange hues. The absence of inscriptions allows the bowl's simple form and colorful glaze to speak to the aesthetic values of the Tang dynasty, a time celebrated for its cultural and artistic achievements. This bowl was discovered or acquired in China, offering a tangible connection to the rich historical tapestry of the Tang period."
5507,630-680,Found/Acquired: Luoyang (?),earthenware,glazed,,animal,,Tang dynasty,Tang dynasty,China,"This Tang dynasty figure, crafted from straw-glazed earthenware between 630-680 CE, represents a boar, a common subject reflecting the era's artistic and cultural interests in naturalistic representations of animals. The piece, with its refined glaze technique, showcases the Tang artisans' adeptness at utilizing straw glaze to achieve a distinctive luster and texture emblematic of the period. Discovered in or near Luoyang, a significant center of Tang culture and politics, this artifact offers valuable insight into the devotional and aesthetic practices of its time within China."
5555,650-750,Found/Acquired: China,earthenware,pigmented; slipped,,zodiac,,Tang dynasty,Tang dynasty,China,"This Tang dynasty zodiac figure, crafted between 650-750 CE, is a remarkable example of pigmented and white-slipped earthenware originating from China. The red earthenware piece intricately represents the traditional Chinese zodiac cycle with detailed depictions including the Mouse, Ox, Tiger, Rabbit, Dragon, Snake, Horse, Sheep, Monkey, Chicken, Dog, and Pig. Each animal is rendered with precise care, echoing the cultural significance of the zodiac in Chinese mythology and astrology during the Tang period. The figure was discovered or acquired in China, providing an insightful glimpse into the artistic practices and cultural symbolism of the era."
5535,618-906; 960-1279,Found/Acquired: Shanxi (province),stoneware,glazed; applied; incised; underglazed,,animal; equestrian; horse/ass,,Tang dynasty; Song dynasty,Tang dynasty,China,"This artifact is a stoneware model of a horse and rider, originating from China during the Tang (618-906 CE) or Song (960-1279 CE) dynasties. This piece exhibits the exquisite craftsmanship characteristic of these periods, with its upper portion enveloped in a translucent celadon glaze, while the unglazed lower section reveals a reddish-buff tone. The model incorporates incised and applied details, further accented by underglaze iron-brown highlights to define the eyes of both the horse and rider. Notably, the horseman is seated on a saddle complete with a back support, although one of the horse's legs is missing. The model was discovered in Shanxi Province, providing a glimpse into the equestrian themes prevalent in Chinese art during these influential dynastic periods."
5513,728 (Date recorded for the death of general Liu Tingxun.),Found/Acquired: Luoyang,earthenware,glazed,,groom,,Tang dynasty,Tang dynasty,China,"This Tang dynasty earthenware figure, dated to 728 CE, is a representation of a groom, meticulously crafted in brown and green glazed earthenware. Originating from China, specifically discovered in Luoyang, the piece exemplifies the artistic finesse and craftsmanship prevalent during the era. The glazed technique enhances its visual appeal, capturing the cultural essence of the Tang dynasty—a period renowned for its artistic and cultural advancements. This artifact not only signifies the socio-cultural aspects of the time but also provides a glimpse into the funerary practices, as such figures often accompanied the deceased in burial contexts."
5889,618-906,Excavated/Findspot: Dar al-Khilafa,porcelain; pottery,glazed,,,,Tang dynasty,Tang dynasty,China,"This porcelain sherd from the Tang dynasty, dating from 618 to 906 CE, exemplifies the fine craftsmanship of Chinese pottery from this illustrious period. Fashioned from white glazed porcelain, the fragment bears a single exterior blemish, indicative of both its age and the challenges of its original firing process. The piece was excavated from Dar al-Khilafa, providing a tangible connection to the geographic and cultural expanse of Tang influence. As a relic of this vibrant era, the sherd reflects the sophisticated techniques employed in Tang pottery, showcasing the era's dedication to aesthetic and material refinement."
5540,630-680,Found/Acquired: Luoyang (?),earthenware,glazed,,soldier,,Tang dynasty,Tang dynasty,China,"This figure of a soldier, crafted from straw-colored lead glazed earthenware, originates from the Tang dynasty, dating approximately between 630-680 CE. Its production in China reflects the artistic styles and ceremonial practices of the period. The figure's material and glazing technique highlight the sophisticated craftsmanship of Tang artisans, known for their skillful use of earthenware materials and glaze technology to create lifelike representations. Although uninscribed, the piece vividly embodies the militaristic themes prevalent during the era. It was found, or possibly acquired, from Luoyang, a historically significant city that served as a prominent cultural and political center during the Tang dynasty, providing a valuable context for understanding its historical and cultural significance."
5579,618-906,Found/Acquired: Yonghe,earthenware,glazed,,,,Tang dynasty,Tang dynasty,China,"This flask, originating from the Tang dynasty period between 618-906 CE, is a fine example of Chinese earthenware artistry. It is crafted from earthenware and is distinguished by its striking green and yellow glaze, a hallmark of the period's ceramic techniques. The object was uncovered in Yonghe, adding valuable context to the geographical distribution of Tang dynasty artifacts. Its creation and style reflect the sophisticated ceramic craftsmanship and aesthetic preferences of the period, offering a glimpse into the cultural and artistic milieu of ancient China."
5398,618-906,Found/Acquired: China,porcelain,glazed; incised,,,,Tang dynasty,Tang dynasty,China,"This elegant porcelain cup, originating from the Tang dynasty between 618-906 CE, exemplifies the distinguished craftsmanship of this influential period in Chinese history. Made from cream-glazed white porcelain, the cup features three incised decorative bands encircling its exterior. The handle is ingeniously crafted from a double coiled loop, adding a distinctive touch to its design. The glazing and incising techniques employed in its creation highlight the advanced ceramic skills of Tang artisans. Discovered in China, this artifact reflects the aesthetic and functional nuances characteristic of Tang period ceramics, offering valuable insight into the cultural and artistic achievements of the era."
5423,618-906,Found/Acquired: China,earthenware,incised; glazed,,,,Tang dynasty,Tang dynasty,China,"This exquisite Tang dynasty dish, dating from 618-906 CE, exemplifies the era's artistic innovation through its delicate incised and glazed earthenware construction. Distinctly designed with three feet, the dish is adorned with a central rosette motif embellished with four flowers and four buds, all enhanced by a sancai palette of white and green glazes. As a testament to the Tang dynasty's mastery of ceramics, this piece reveals both the technical sophistication and aesthetic sensibilities of its time. The dish was discovered in China, offering a tangible connection to the region's rich cultural and historical tapestry."
5955,618-906,Found/Acquired: China,earthenware,lead-glazed,,,,Tang dynasty,Tang dynasty,China,"This Tang dynasty whistle, produced between 618-906 CE, is an exquisite example of Chinese craftsmanship from this period. Fashioned in the shape of a human head, it is made from earthenware and features a distinctive lead glaze with a green tint. The use of lead glazing during the Tang dynasty was a popular technique that added a vibrant and lustrous appearance to ceramics, indicative of the innovation and artistry of the time. Though devoid of inscriptions, the artifact's cultural significance lies in its representation of the Tang dynasty's advanced ceramic technology and aesthetic appreciation. This unique piece was discovered in China and adds to our understanding of the period's material culture."
5401,618-906,Excavated/Findspot: Samarra,porcelain; pottery,glazed,,,,Tang dynasty,Tang dynasty,China,"This Tang dynasty sherd, dated between 618-906 CE, is a fragment of a cup rim crafted from white glazed porcelain. The exterior is adorned with two horizontal bands, indicative of the refined ceramic techniques characteristic of the era. Originating from China, this piece reflects the artistic elegance and technical advancements that define Tang dynasty porcelain. The sherd was excavated in Samarra, offering valuable insights into the cultural and trade exchanges that occurred between China and the regions beyond during this vibrant period of history."
5805,618-906,Found/Acquired: China,stoneware,glazed,,,,Tang dynasty,Tang dynasty,China,"This Tang dynasty white ware stand, produced between 618-906 CE, exemplifies the exquisite craftsmanship of Chinese stoneware during this period. Fashioned from white stoneware and featuring a glazed finish, the stand highlights the aesthetic and functional aspects of ceramic art in ancient China. It was discovered in China, further enriching our understanding of the Tang dynasty's material culture and the prominent role of ceramics in daily and ritualistic contexts. The elegance of this glazed stoneware piece reflects the sophisticated artistic standards of its time."
5584,618-906,Found/Acquired: China,earthenware,lead-glazed,,,,Tang dynasty,Tang dynasty,China,"This exquisite earthenware vase, serving as an incense holder, heralds from the illustrious Tang dynasty of China, crafted between 618-906 CE. The vase exemplifies the distinctive sancai (three-color) lead glazing technique, highly revered during this period for its vibrant and lustrous finish. The applied decoration further enhances its aesthetic appeal, a testament to the sophisticated artistic achievements of the Tang dynasty. This piece was discovered in China, reflecting the rich ceramic tradition and cultural significance of such artifacts in the realm of historical Chinese craftsmanship and incense rituals."
5440,618-1125,Found/Acquired: China,earthenware,glazed; applied,,,,Tang dynasty; Liao dynasty,Tang dynasty,China,"This exquisite ewer, crafted from green-glazed and applied earthenware, originates from China and dates back to the period spanning the Tang to Liao dynasties, approximately 618-1125 CE. The vessel embodies the artistic and technological advancements of these influential Chinese dynasties, especially in ceramic production techniques such as glazing and applied decoration. The ewer's distinctive hue and form are emblematic of the era's refined aesthetic sensibilities. It was uncovered in China, further enriching our understanding of the region's rich ceramic tradition during this pivotal historical period."
5749,618-906,Found/Acquired: China,stoneware,glazed,,,,Tang dynasty,Tang dynasty,China,"This heavily potted jar, dating from the Tang dynasty period (618-906 CE), exemplifies the refined stoneware craftsmanship of ancient China. Made from cream-glazed stoneware, the artifact features a wide foot ring indicative of stability, though the glaze has notably worn over time, attesting to its age and historical journey. The jar's rim surrounding the mouth is mostly broken away, suggesting historical usage or later handling practices. Originating from China, this jar embodies the artistic and functional stoneware practices characteristic of the Tang dynasty, contributing valuable insights into the utilitarian and aesthetic sensibilities of the period."
3316,600 BC - 570 BC (likely),Excavated/Findspot: Naukratis,glazed composition,mould-made (probably),Inscription type: inscription Inscription position: underside Inscription language: Egyptian Inscription script: hieroglyphic Inscription transliteration: jmn nb.j (?) Inscription translation: Amun is my lord (?) Inscription note: Inscription possibly written in a cryptographic way.,,Named in inscription: Amun-Ra (?),26th Dynasty,Ancient Egyptian,Egypt,"This artifact is a scaraboid, shaped like a cowroid, from the 26th Dynasty of ancient Egypt, most likely produced between 600 and 570 BC. Constructed from glazed composition, it appears to have been mould-made. The back of this piece is adorned with a circular decoration featuring a central cross, while the underside displays hieroglyphic inscriptions. These inscriptions elegantly incorporate the Maat feather and neb-basket signs symmetrically flanking a central nefer-sign, likely conveying the message ""Amun is my lord"" in a potentially cryptographic script. Associated with the deity Amun-Ra, this artifact is imbued with religious significance, reflective of the spiritual beliefs of its era. It was excavated from the site of Naukratis, providing historical context to the artifact's cultural and religious milieu during the period."
3257,1295BC-1186BC,Excavated/Findspot: Enkomi,glazed composition,engraved; pierced,Inscription type: inscription Inscription script: hieroglyphic Inscription translation: Thutmose III,,Named in inscription: Thutmose III,19th Dynasty,Ancient Egyptian,Egypt,"This artifact is a glazed composition scarab from the Ancient Egyptian 19th Dynasty, dating between 1295-1186 BCE, and likely originating during the Ramesside period. The scarab is intricately engraved, featuring detailed elytra, head, and legs, and pierced longitudinally. The base of the scarab is of particular note, as it bears the hieroglyphic inscription of the prenomen of Thutmose III enclosed within an oval, flanked by two maat feathers with uraei. Despite its manufacture potentially occurring well after Thutmose III's reign, the piece signifies the enduring reverence for this significant pharaoh. Over time, the glaze has worn and faded to white, suggesting age and historical wear. This scarab was excavated at Enkomi, providing valuable insight into the cross-cultural exchanges between Egypt and surrounding regions during this era."
3286,600 BC - 570 BC (mainly),Excavated/Findspot: Scarab Factory,glazed composition,glazed; mould-made; stamped (likely),"Inscription type: inscription Inscription position: underside Inscription language: Egyptian Inscription script: hieroglyphic Inscription transliteration: jmn
jmn-ra
mnx-[jb] (?) Inscription translation: Amun
Amun-Ra
Menekhib (?) Inscription note: Likely meant as a cryptic way to write Amun (or Amun-Ra), or Horus name of  Psamtek II (?).",bird; african,Named in inscription: Amun-Ra (possibly);  Named in inscription: Amun (possibly);  Named in inscription: Psamtek II (?),26th Dynasty,Ancient Egyptian,Egypt,"This intricately crafted scaraboid from the 26th Dynasty of Ancient Egypt, produced primarily between 600 and 570 BC, showcases a mold-made design in glazed composition. The item is distinguished by its delicately modeled back, representing a Black African head with notable features such as a convex forehead, retroussé nose, broad lips, and high cheeks, all partially obscured by a thick yellow glaze. The underside presents a cryptographic inscription in Egyptian hieroglyphs comprising an owl, men-draughtboard sign, and sun-disc, likely stamped rather than incised. The inscription is an enigmatic rendition possibly referring to deities Amun and Amun-Ra or to the Horus name of Psamtek II, suggesting its symbolic significance. A large perforation at the top of the forehead implies it was suspended, possibly as a necklace. Excavated at the Scarab Factory in Egypt, this artifact illuminates the fusion of artistic expression and the complex iconography of the era."
3288,600 BC - 570 BC (mainly),Excavated/Findspot: Naukratis,glazed composition,glazed; mould-made; incised; pierced,"Inscription type: inscription Inscription position: underside Inscription script: hieroglyphic Inscription transliteration: wAH-[jb]-ra (?) Inscription translation: Wahibre (Constant [is the] Heart [of] Re) (?) Inscription note: Very debased hieroglyphic signs arranged vertically in oval, so reading must be cautious. Wahibre could correspond to the nswt-bjt name of Psamtek I or the name of son of Ra of  Apries.",bird,Named in inscription: Apries (?),26th Dynasty,Ancient Egyptian,Egypt,"This disc-shaped scaraboid, originating from the 26th Dynasty of Ancient Egypt and dated between 600-570 BC, is a captivating artifact crafted from glazed composition. It features a slightly domed, plain back with nearly straight sides and is pierced through its diameter. The underside displays a crudely incised engraving of a falcon holding a flail to the left, an oval containing three debased hieroglyphic signs to the right, and a flattened neb-basket symbol beneath. Some of the original buff-yellow glaze, pitted with small porosities, remains as a skin over its surface, with a slightly yellower and smoother core revealed beneath. The inscription is in hieroglyphic form and cautiously transliterated as ""wAH-[jb]-ra,"" potentially translating to ""Wahibre (Constant is the Heart of Re)."" This could correspond to the nswt-bjt name of either Psamtek I or the title of Apries, reflecting possible links to these significant figures. The artifact was excavated in Naukratis, a site known for its rich connection to cross-cultural exchange in antiquity."
3212,600 BC - 570 BC (mainly),Excavated/Findspot: Naukratis,egyptian blue,incised; mould-made; pierced,Inscription type: inscription Inscription position: underside Inscription language: Egyptian Inscription script: hieroglyphic Inscription transliteration: jmn (?) Inscription translation: Amun (?) Inscription note: Cryptographic reading of the divine name Amun?,bird,Associated with: Amun-Ra (?),26th Dynasty,Ancient Egyptian,Egypt,"This small mould-made scaraboid, dating from 600 to 570 BC during Egypt's 26th Dynasty, exemplifies ancient Egyptian craftsmanship in bright blue Egyptian paste. The back is simply modeled, with incised lines indicating the clypeus, prothorax, and elytra, and notches denoting humeral callosities. The legs are abstractly represented by broad incised lines forming a triangle. The underside bears three hieroglyphic inscriptions: the Maat feather, an owl, and a sun-disc, which cryptographically reference the divine name Amun. Noteworthy for its longitudinal piercing, this artifact bears cultural and religious significance potentially linked to Amun-Ra. Discovered in Naukratis, this scaraboid offers insight into the religious and artistic practices of the period."
3604,895BC-870BC (approx.),Excavated/Findspot: Saqqara (Memphis) (?),glazed composition,painted; glazed,"Inscription type: inscription Inscription position: back Inscription script: hieroglyphic Inscription translation: Titles/epithets include : High Priest of Ptah Inscription note: A central column, painted in black.",,Named in inscription: Osorkon,22nd Dynasty,Ancient Egyptian,Egypt,"This evocative shabti figure, dating from approximately 895 to 870 BCE during Egypt’s 22nd Dynasty, is a testament to the artistry and religious practices of Ancient Egypt. Crafted from a green-glazed composition, the figure represents Osorkon, adorned with a black curled page-boy wig and a distinctively modelled face. The shabti wears a garment with a deep v-neck and a pleated triangular apron, while one arm clasps a whip's handle across the chest, and the other drapes along its side. The lower section of the figure is missing below the knee, adding a sense of mystery to its incomplete form. Notably, the back features a central column of black-painted hieroglyphs that highlight Osorkon's prestigious title as High Priest of Ptah, inscribing both identity and status into the artifact. Discovered, or likely found, in Saqqara, an ancient necropolis serving Memphis, this shabti reflects the funerary traditions of embedding the deceased with figures believed to act as servants in the afterlife."
3297,600 BC - 570 BC (mainly),Excavated/Findspot: Scarab Factory,glazed composition,mould-made; incised (possibly); pierced,Inscription type: inscription Inscription position: underside Inscription language: Egyptian Inscription script: hieroglyphic Inscription transliteration: jmn (?) Inscription translation: Amun (?) Inscription note: The name of Amun written in a cryptolgraphic way (?).,bird,Named in inscription: Amun-Ra (?),26th Dynasty,Ancient Egyptian,Egypt,"This Ancient Egyptian mold-made disc-shaped scaraboid, dating from 600 to 570 BC during the 26th Dynasty, presents a fascinating glimpse into the period's artistic and spiritual practices. It is crafted from glazed composition, though the glaze has since vanished, leaving a pale yellow core and an abraded surface. The scaraboid features a slightly domed and plain back with sloping sides, while the underside showcases a depiction of a walking goose or duck facing right, flanked by two cross-shaped symbols. This motif seems incised rather than stamped, revealing the meticulous technique employed by its creator. Notably pierced through its diameter, the artifact bears an inscription on its underside, rendered in Egyptian hieroglyphs, possibly cryptically referring to the god Amun. The scaraboid was unearthed at the Scarab Factory, emphasizing its origins within Egypt, and it is identified with Amun-Ra, reflecting the cultural and religious reverence of the time."
3314,600 BC - 570 BC (mainly),Found/Acquired: Scarab Factory,glazed composition,mould-made; pierced; stamped (possibly),Inscription type: inscription Inscription position: underside Inscription language: Egyptian Inscription script: hieroglyphic Inscription transliteration: jmn-ra  (likely) Inscription translation: Amun-Ra  (likely) Inscription note: Likely meant as a cryptic way to write Amun-Ra.,mammal; bird,Named in inscription: Amun-Ra (likely),26th Dynasty,Ancient Egyptian,Egypt,"This artifact is a mould-made scaraboid from the 26th Dynasty of Ancient Egypt, dating between 600-570 BC. Composed of a glazed material, it is crafted with the back shaped like a lion couchant, indicative of symbolic strength and majesty. The underside features a highly eroded cryptographic inscription presented with hieroglyphs arranged vertically—a sun-disc, men-draughtboard, and owl—suggesting a cryptic reference to Amun-Ra, integral to Egyptian spirituality and state ideology. Though the glaze is lost and the core appears yellow and coarse, the piece was originally pierced longitudinally, with the lower part now broken off. The inscribed design, possibly stamped, aligns with Petrie's recordings from 1886. This artifact was discovered at the renowned Scarab Factory in Egypt, a testament to the production and dissemination of inscribed amulets in ancient Egyptian culture."
3801,945BC-720BC,Found/Acquired: Egypt,glazed composition,glazed,Inscription type: inscription Inscription position: leg section Inscription script: hieroglyphic,,Named in inscription: Djedkhonsiufankh,Third Intermediate,Ancient Egyptian,Egypt,"This shabti, dating from 945–720 BC during Egypt's Third Intermediate Period, is crafted from a green glazed composition with intricate black details. It features Djedkhonsiufankh, as noted in the hieroglyphic inscription on the front of the leg section. The shabti wears a lappet-wig tied with a fillet, and its modelled face has traced eyes. The crossed hands clutch two hoes, indicative of the symbolic agricultural duties shabtis were believed to perform for the deceased in the afterlife. Additionally, a seed-basket is depicted on its back, exemplifying the shabti's role. Some damage is noted at the foot. This artifact was found or acquired in Egypt, offering insight into the funerary customs and religious beliefs of the era."
3233,600 BC-570 BC (mainly),Excavated/Findspot: Naukratis,glazed composition,mould-made; carved (likely); pierced,Inscription type: inscription Inscription position: Underside Inscription language: Egyptian Inscription script: hieroglyphic Inscription note: Trigram meant as a cryptic way to write the name of Amun or just debased inscription?,bird,Associated with: Amun-Ra (?),26th Dynasty,Ancient Egyptian,Egypt,"This mold-made scarab, dating primarily from 600 to 570 BC, emerges from Egypt's 26th Dynasty, intricately carved from a glazed composition. The artifact, excavated in Naukratis, holds significant cultural and religious symbolism. Its upper surface, although rubbed and simply modeled, features faintly incised lines delineating the clypeus, prothorax, and elytra, while the less understood representation of legs is marked by broad lines almost forming a triangular shape. The underside bears a horizontally arranged hieroglyphic inscription, carved rather than stamped, encircled by a groove near the edge. The enigmatic symbols—a falcon, sun-disc, and a questionable sign that resembles either a debased aa-column or mt-phallus—suggest a cryptic reference to the god Amun-Ra or may represent a debased inscription. Despite the glaze being lost, the scarab's pale yellow core and its longitudinal piercing remain vivid testaments to its construction and purpose."
3221,600 BC - 570 BC (mainly),Excavated/Findspot: Naukratis,glazed composition,mould-made; glazed; stamped (?); pierced,Inscription type: inscription Inscription position: underside Inscription language: Egyptian Inscription script: hieroglyphic Inscription translation: Pa-di-bast,,Named in inscription: Padibast,26th Dynasty,Ancient Egyptian,Egypt,"This small mold-made scarab, dating from 600 to 570 BC, originates from Egypt during the 26th Dynasty. Crafted from a glazed composition, the artifact's back is detailed with simple markings representing the clypeus, prothorax, and elytra, while its underside is deeply stamped with the name of Padibast, inscribed in Egyptian hieroglyphs. The scarab is longitudinally pierced, and though much of its original pale green glaze has eroded, remnants of its pale yellow paste remain visible. This scarab was discovered in Naukratis, a significant site for interaction between the Egyptians and Greeks, underscoring its cultural and historical context."
3304,600 BC - 570 BC (mainly),Excavated/Findspot: Naukratis,glazed composition,mould-made; glazed; incised (possibly); pierced; stamped (?),"Inscription type: inscription Inscription position: underside Inscription language: Egyptian Inscription script: hieroglyphic Inscription note: The cross-shaped symbol between two discs could be interpreted as a debased version of wah-ib-Ra, the Horus name of Psamtek I, or nomen of Apries (Gorton 1996, 93).",bird,Representation of: Apries (?);  Named in inscription: Psamtek I (?),26th Dynasty,Ancient Egyptian,Egypt,"This artifact is a mould-made scaraboid, likely from the 26th Dynasty of Ancient Egypt, dated between 600 BC and 570 BC. Crafted from a glazed composition, the scaraboid's surface is noticeably eroded, with some remnants of a pale yellow glaze and a yellowish-white paste base. Its back appears very rubbed, potentially taking the form of a cowroid, and is pierced lengthwise. The underside is crudely decorated with a motif featuring a falcon holding a flail to the right and half a cartouche with three debased hieroglyphic signs to the left, possibly incised rather than stamped. A vertical line separates the inscription from the falcon. This inscription, written in hieroglyphics, includes a cross-shaped symbol between two discs which could be interpreted as a debased version of the Horus name of Psamtek I, or the nomen of Apries, reflecting potential royal associations. This intriguing piece was excavated from Naukratis, shedding light on both its artistry and historical significance."
3282,600 BC - 570 BC (mainly),Excavated/Findspot: Naukratis,glazed composition,glazed; mould-made; incised; pierced,Inscription type: inscription Inscription position: underside Inscription language: Egyptian Inscription script: hieroglyphic Inscription translation: Pa-di-ast,,Named in inscription: Padiast,26th Dynasty,Ancient Egyptian,Egypt,"This intricately crafted scarab, originating from the 26th Dynasty of Ancient Egypt and dated between 600 and 570 BC, is a quintessential representation of Egyptian artistry. Crafted through a mould-made technique using a glazed composition material, the scarab's back is meticulously detailed, featuring pronounced characteristics like the clypeus, prothorax, elytra, and humeral callosities, while the sides depict well-modeled legs. The underside bears an incised hieroglyphic inscription naming Padiaset, offering insights into its ceremonial or personal significance. Despite being primarily eroded, the scarab retains traces of a pale green glaze over its creamy yellow core. The longitudinal piercing indicates its possible use as an amulet or piece of jewelry. Excavated in Naukratis, this artifact underscores the rich cultural interconnections existing within ancient Egyptian society and its artistic traditions."
3262,600 BC-570 BC (mainly),Excavated/Findspot: Scarab Factory,glazed composition,mould-made; incised; pierced,Inscription type: inscription Inscription position: Underside Inscription language: Egyptian Inscription script: hieroglyphic Inscription transliteration: Pa-dj-bastt Inscription translation: Padibastet,,Named in inscription: Padibast,26th Dynasty,Ancient Egyptian,Egypt,"This Ancient Egyptian scarab from the 26th Dynasty, dating between 600 and 570 BC, is a mould-made artifact crafted from glazed composition. The scarab's back is adorned with incised details, now mostly eroded, while the underside bears an incised hieroglyphic inscription of the name Padibastet. The piece is longitudinally pierced, hinting at its use as an amulet or personal ornament. Traces of its original pale green glaze survive, though the surface is much worn, revealing the underlying chalky white paste. This scarab, discovered at the ""Scarab Factory"" site in Egypt, offers a glimpse into the craftsmanship and cultural significance of such amulets in the society that revered them."
3120,600 BC - 570 BC (mainly),Excavated/Findspot: Naukratis,glazed composition,mould-made; incised (?); stamped (?); pierced,"Inscription type: inscription Inscription position: Underside Inscription language: Egyptian Inscription script: hieroglyphic Inscription transliteration: wAH-jb-ra / jmn-ra (?) Inscription translation: Wahibre (Constant [is the] Heart [of] Re) / Amun-Ra (?) Inscription note: The small cicles at the bottom could be seen as sun-disc sign and/or debased hieroglyph for jb, while the cross-shaped sign could be a debased hieroglyph for waH or kheper.",,Named in inscription: Amun-Ra (?);  Named in inscription: Apries (?),26th Dynasty,Ancient Egyptian,Egypt,"This Ancient Egyptian scaraboid from the 26th Dynasty, dating primarily between 600 and 570 BC, is a mould-made, disc-shaped amulet crafted from glazed composition. Its slightly domed back and straight sides give way to an underside adorned with a series of debased hieroglyphic signs arranged in a register composition. Central to this design is a men-draughtboard sign, topped by a sun-disc in the upper register, while the lower register hosts a cross-shaped sign flanked by sun-discs or small circles. Though the inscriptions are eroded, the scarring suggests they were either stamped or incised. The hieroglyphs likely reference divine figures, with transliterations indicating Wahibre and possibly Amun-Ra. The artifact, pierced through its diameter and exhibiting a yellow core with a surface bearing a faint yellowish-green tint, shows signs of wear with chipping and glaze loss. Originally excavated from Naukratis in Egypt, this scaraboid not only serves as a religious token but also as a testament to the cultural interconnections of the period."
3311,600 BC - 570 BC (mainly),Excavated/Findspot: Scarab Factory,glazed composition,pierced; incised (possibly); mould-made; stamped (?),"Inscription type: inscription Inscription position: base Inscription language: Egyptian Inscription script: hieroglyphic Inscription transliteration: psm[tk] Inscription translation: Psamtek Inscription note: Shortened version of the royal name Psamtek, likely to be Psamtek II, associated with a solar disk sign.",mammal,Named in inscription: Psamtek II (likely),26th Dynasty,Ancient Egyptian,Egypt,"This mold-made scaraboid from the 26th Dynasty, dated between 600 and 570 BCE, originates from Egypt and represents the artistic traditions of the period. Crafted from glazed composition, now abraded and missing its original glaze, it features a lion couchant crudely modeled in approximation to the Egyptian pose, with two front paws extended. The underside bears a hieroglyphic inscription arranged vertically, incised rather than stamped, though erosion obscures its detail. Transliteration suggests the inscription represents a shortened version of the royal name Psamtek, likely referring to Psamtek II, and is associated with a solar disk sign, highlighting its connection to the ancient Egyptian solar cult. This artifact was excavated at the Scarab Factory, adding to our understanding of the production techniques and cultural significance of scaraboids in Ancient Egypt."
3308,600 BC - 570 BC (mainly),Excavated/Findspot: Scarab Factory,glazed composition,mould-made; stamped; glazed; pierced,Inscription type: inscription Inscription position: underside Inscription language: Egyptian Inscription script: hieroglyphic Inscription transliteration: jmn-ra Inscription translation: Amun-Ra,,Named in inscription: Amun-Ra,26th Dynasty,Ancient Egyptian,Egypt,"This Ancient Egyptian scaraboid, dating from approximately 600-570 BC, originates from the 26th Dynasty and was discovered at the renowned Scarab Factory. It is a mould-made, disc-shaped artifact crafted from a glazed composition, featuring a slightly domed and plain back with sides likely straight, although the side view is unknown. Notably, the underside is adorned with a stamped hieroglyphic inscription naming Amun-Ra, the revered deity, encircled by a groove near the edge. The piece is pierced through its diameter, and despite being described as unbaked and unglazed in certain records, faint traces of a greenish glaze suggest otherwise. The scaraboid's yellowish-beige paste forms a striking backdrop, despite one side being broken. This artifact provides insight into the religious and cultural symbolism prevalent in Ancient Egypt during this period."
3171,664 BC-402 BC (probably 6th century BC),Excavated/Findspot: Naukratis,glazed composition,mould-made; incised,Inscription type: inscription Inscription position: Front Inscription language: Egyptian Inscription script: hieroglyphic Inscription transliteration: jmn-ra wp rnpt nfr [...] Inscription translation: May Amun-Ra inaugurate a perfect year [...] Inscription note: Traditional wishes found on New Year's flasks.,,Named in inscription: Amun-Ra,Late Period; 26th Dynasty,Ancient Egyptian,Egypt,"This artifact is a glazed composition New Year's flask from the Late Period, specifically the 26th Dynasty of Ancient Egypt, dating to approximately the 6th century BC. The flask, though partially preserved, displays intricate geometric designs such as tear drops and rectangles arranged in a broad collar of concentric registers on its upper body. A central vertical band features a hieroglyphic inscription, which is framed by vertical bands decorated with a scale pattern. The inscription, rendered in Egyptian hieroglyphics, translates to a traditional blessing: ""May Amun-Ra inaugurate a perfect year."" Crafted using a mould-made technique from a now glaze-lost greenish-yellow fine paste, this object reflects the cultural significance of Amun-Ra in New Year rituals. The flask was excavated at Naukratis, one of the key Greek trading hubs in Egypt, emphasizing its role in cultural exchanges of the period."
3280,600 BC - 570 BC (mainly),Excavated/Findspot: Scarab Factory,glazed composition,glazed; mould-made; stamped (possibly); pierced,"Inscription type: inscription Inscription position: underside Inscription language: Egyptian Inscription script: hieroglyphic Inscription transliteration: jmn-ra Inscription translation: Amun-Ra Inscription note: Note the three vertical strokes, usually indicative of plural, but used here as a  filler.",,Named in inscription: Amun-Ra,26th Dynasty,Ancient Egyptian,Egypt,"This intricately crafted scarab from the 26th Dynasty of Ancient Egypt, dated between 600-570 BC, exemplifies the sophistication of the period's artistry. Mould-made from glazed composition, the scarab's design features skewed markings across the back, including a miniature clypeus, a single line denoting the prothorax, and elytra marked by a double suture with distinct humeral callosities depicted as winglets. The back is notably flattened, while the legs are simply represented. The underside bears a vertically arranged hieroglyphic inscription within a groove near the edge, naming the deity Amun-Ra, and includes three redundant vertical strokes, which are typically a plural marker but here serve as decorative fillers. The glaze, well-preserved in a pale yellow hue, contrasts with the core's dirty yellow tone. This artifact, pierced longitudinally, was discovered at the 'Scarab Factory' excavation site, encapsulating the religious and cultural significance of the scarab in ancient Egyptian society as a symbol of transformation and protection."
3924,945BC-720BC,Found/Acquired: Egypt,glazed composition,glazed,Inscription type: inscription Inscription position: leg section Inscription script: hieroglyphic Inscription translation: Titles/epithets include : Lady of the Two Lands; Divine Adoratrix,,Named in inscription: Qedmerut,Third Intermediate,Ancient Egyptian,Egypt,"This artifact is a green-blue glazed composition shabti from the Third Intermediate Period of Ancient Egypt, specifically dated between 945 and 720 BC. The figurine is detailed with a lappet-wig and fillet, a modeled face with traced eyes, and indistinct hands holding two hoes, symbolizing its purpose as a funerary servant. Hieroglyphic inscriptions are present on the leg section, bestowing titles such as ""Lady of the Two Lands"" and ""Divine Adoratrix"" upon Qedmerut, to whom the shabti is dedicated. A seed-basket is depicted on the back, reinforcing its function in assisting with agricultural tasks in the afterlife. This shabti was discovered in Egypt, exemplifying the religious and cultural practices of the time associated with burial and the afterlife."
3267,600 BC-570 BC (mainly),Excavated/Findspot: Scarab Factory,glazed composition,mould-made; glazed; stamped; pierced,"Inscription type: inscription Inscription position: Underside Inscription language: Egyptian Inscription script: hieroglyphic Inscription transliteration: jmn (?)
[j]mn-ra (?)
Hr mnx-[jb] (?) Inscription translation: Amun (?)
Amun-Ra (?)
The Horus Menekhib (?) Inscription note: Likely meant as a cryptic way to write Amun (or Amun-Ra), or Horus name of  Psamtek II (?).",bird,Named in inscription: Amun-Ra (?);  Named in inscription: Amun (?);  Named in inscription: Psamtek II (?),26th Dynasty,Ancient Egyptian,Egypt,"This elegant scarab amulet from the 26th Dynasty of ancient Egypt, dating from approximately 600-570 BC, is crafted from a glazed composition. Its intricately mould-made back is adorned with incised lines delineating the clypeus, prothorax, elytra, and humeral callosities, while feathered legs are subtly incorporated at the front. The underside is particularly fascinating, bearing a cryptographic inscription rendered in hieroglyphs featuring a falcon, men-draughtboard sign, and sun-disc, likely stamped around a groove near the edge. These symbols, possibly a cryptic reference to deities Amun or Amun-Ra, and maybe even the Horus name of the Pharaoh Psamtek II, are inscribed horizontally and suggest a deeper symbolic significance. Enhanced with a thick pale green glaze, the scarab is longitudinally pierced, indicating its role as a functional amulet. It was excavated at the Scarab Factory, offering insights into the craftsmanship and religious beliefs of its era."
3259,600 BC - 570 BC (mainly),Excavated/Findspot: Naukratis,glazed composition,mould-made; incised; glazed; pierced,Inscription type: inscription Inscription position: underside Inscription language: Egyptian Inscription script: hieroglyphic Inscription transliteration: Pa-imen Inscription translation: The gift of Amun,,Named in inscription: Amun,26th Dynasty,Ancient Egyptian,Egypt,"This artifact is a mould-made scarab from the 26th Dynasty of Ancient Egypt, dating to approximately 600-570 BC. Crafted from a glazed composition, this scarab is notably worn, with the back and legs eroded from its sides. Despite its condition, traces of its original yellow glaze persist on the light yellow, cream paste material. It features a deeply incised hieroglyphic inscription on its underside, vertically arranged and pierced lengthwise, which translates to ""The gift of Amun,"" indicating its religious significance and connection to the deity Amun. This scarab, a symbol of regeneration and protection in Egyptian culture, was excavated from Naukratis, a significant site for understanding Egyptian and Greek cultural interactions."
3246,700BC (circa),Excavated/Findspot: Acropolis (Kamiros),glazed composition,engraved,Inscription type: inscription,,Named in inscription: Sobekhotep (?);  Named in inscription: Sobek (?),Third Intermediate,Ancient Egyptian,Egypt,"This captivating faience scarab from the Third Intermediate Period, dating circa 700 BCE, exemplifies the artistry of Ancient Egypt. Crafted from glazed composition material, the scarab is intricately engraved with a hieroglyphic inscription that reads either ""Sebekhetep"" or ""offered to Sebek."" The reverse side is distinguished by a detailed depiction of an African's head, a unique feature that adds to its cultural richness. Sobekhotep or the deity Sobek may be referenced in the inscription, linking the object to prominent figures or divine reverence within Egyptian mythology. This artifact was excavated from the Acropolis at Kamiros, indicating its journey from the heart of Egypt to the diverse lands of the Mediterranean."
3181,1250BC (circa),Found/Acquired: Egypt,glazed composition,pierced; glazed; inlaid,Inscription type: inscription Inscription script: hieroglyphic Inscription note: Inlaid.,,Representation of: Anubis,19th Dynasty,Ancient Egyptian,Egypt,"This intricately designed pectoral, dating circa 1250 BC from the 19th Dynasty of Ancient Egypt, is crafted from glazed composition in shades of yellow, purple, blue, and white. Its form replicates a pylon, the monumental gateway of an Egyptian temple, complete with a cavetto cornice that mimics the stylized curved reed heads. Each face is adorned with a block decoration pattern. The upper surface features a reclining jackal named Anubis, the god of embalming, on a pylon-shaped plinth, accompanied by hieroglyphic inscriptions inlaid with precision. The underside displays a 'djed' pillar, symbolizing the backbone of Osiris, the god of the dead, flanked by the Girdle of Isis or 'tit' amulet, both serving as funerary amulets. Pierced holes in the cornice suggest the piece was affixed to a mummy's chest bandages, underscoring its funerary significance. This artifact, found in Egypt, exemplifies the religious and artistic practices of the period, highlighting the profound symbolism integral to Ancient Egyptian culture."
3266,600 BC - 570 BC (maybe),Excavated/Findspot: Naukratis,glazed composition,mould-made (probably),Inscription type: inscription Inscription position: underside Inscription language: Egyptian Inscription script: hieroglyphic Inscription transliteration: jmn rʿ (?) Inscription translation: Amun-Ra Inscription note: The Maat feather sign is used instead of a yod sign.,,Named in inscription: Amun-Ra,26th Dynasty,Ancient Egyptian,Egypt,"This exquisite Ancient Egyptian scarab, dating from approximately 600 to 570 BC, hails from the 26th Dynasty and is crafted from a glazed composition. Likely mould-made, the scarab's underside is adorned with a hieroglyphic inscription, proclaiming the revered name of the god Amun-Ra. The surface, as noted in Gardner's drawing, shows signs of erosion, yet the inscription remains partially discernible. The hieroglyphic script notably uses the Maat feather sign in place of a yod sign, a unique characteristic in its depiction of the deity. This artifact was uncovered at Naukratis, an important archeological site in Egypt, providing valuable insights into the religious practices and artistic traditions of the period."
3204,1390BC-1352BC,Excavated/Findspot: Enkomi,glazed composition,engraved; pierced,Inscription type: inscription Inscription position: base Inscription script: hieroglyphic Inscription transliteration: hmt-nswt-ty Inscription translation: Queen Tiy,,Named in inscription: Tiy,18th Dynasty,Ancient Egyptian,Egypt,"This faience scarab, dating from 1390-1352 BCE, originates from the Egyptian 18th Dynasty, a period marked by significant cultural and artistic achievements. Crafted from glazed composition, this artifact is engraved with intricate details depicting elytra, head, and legs, alongside a longitudinal piercing. The base of the scarab bears a hieroglyphic inscription that translates to ""Queen Tiy,"" referencing the esteemed wife of Pharaoh Amenhotep III. While the scarab is noted to be poorly preserved, it still offers a glimpse into the artistry and iconography associated with royal figures of ancient Egypt. This piece was excavated at Enkomi, adding a layer of historical significance and providing insights into the distribution and influence of Egyptian culture beyond its borders."
3218,600 BC-570 BC (mainly),Excavated/Findspot: Scarab Factory,glazed composition,mould-made; glazed; incised; pierced; stamped (likely),"Inscription type: inscription Inscription position: Underside Inscription language: Egyptian Inscription script: hieroglyphic Inscription transliteration: sʒ rʿ nb (?)
jmn rʿ nb (?) Inscription translation: The son of Ra is the lord (?)
Amun-Ra is the lord' (?) Inscription note: If the sign visible to the right is a basket neb-sign, it has usually no meaning in scarab composition, often considered to be a filling ornament. So the translation is rather hazardous.",bird,Named in inscription: Amun-Ra (?),26th Dynasty,Ancient Egyptian,Egypt,"This ancient Egyptian artifact is a mould-made scarab, produced during the 26th Dynasty between 600-570 BC, meticulously crafted from a glazed composition. The scarab's back is simply modeled with delineations of the clypeus, head, prothorax, and elytra marked by single lines, while the side view remains unknown. Unique features include the underside, which is stamped rather than incised, showcasing a hieroglyphic representation of a walking goose or duck, emphasized by a sun-disc above and a potential neb-basket sign to the right. Despite traces of a light blue glaze, it was possibly intended as unbaked and unglazed, crafted in a bluish-white paste that shows some surface wear. The hieroglyphic inscription, though challenging to translate, alludes to divine associations, potentially naming Amun-Ra, and symbolically refers to ""The son of Ra is the lord"" or ""Amun-Ra is the lord,"" with the neb-basket sign possibly serving as ornamental filler. The scarab was excavated at the Scarab Factory, underscoring its cultural significance in the context of Egyptian religious and artistic traditions."
3306,600 BC - 570 BC (mainly),Excavated/Findspot: Naukratis,glazed composition,cut; incised,"Inscription type: inscription Inscription position: underside Inscription language: Egyptian Inscription script: hieroglyphic Inscription transliteration: šw sʒ rʿ (?)		 
jmn rʿ (?)
jmn (?) Inscription translation: Shu, son of Ra (?)
Amun-Ra (?)
Amun (?)",bird,Named in inscription: Amun-Ra (?);  Named in inscription: Shu (?);  Named in inscription: Amun (?),26th Dynasty,Ancient Egyptian,Egypt,"This scaraboid from the 26th Dynasty of Ancient Egypt, produced circa 600-570 BC, is a fascinating artifact crafted from glazed composition. The artifact is uniquely designed with the back in the form of a Black African head, featuring hair represented by squares and crudely cut facial features. Its underside is inscribed with incised hieroglyphs arranged horizontally, depicting symbols such as the Maat feather, a walking goose or duck, and a sun-disc. The object is created in black paste, with glaze absent due to either loss or lack of application, resulting in a quite eroded surface. The inscription, rendered in Egyptian hieroglyphs, intriguingly references deities such as Shu, son of Ra, and Amun-Ra, as well as Amun, highlighting its possible symbolic significance. This object was excavated in Naukratis, offering insights into the mélange of cultural influences in Ancient Egypt and the interplay of art and religion within the society."
3463,945BC-720BC,Found/Acquired: Egypt,glazed composition,glazed,Inscription type: inscription Inscription position: front Inscription script: hieroglyphic,,Named in inscription: Tentast,Third Intermediate,Ancient Egyptian,Egypt,"This exquisite shabti figure, originating from ancient Egypt during the Third Intermediate Period (945-720 BC), is crafted from a faded green glazed composition. It features intricate black detailing that has since turned purple. The artifact depicts Tentast, as identified by the hieroglyphic inscription on the front. The figure is adorned with a lappet-wig secured by a fillet, a modelled face, and crossed arms that hold two hoes, symbolizing its function in accompanying the deceased into the afterlife to perform agricultural labor. A seed-basket is prominently displayed on the back, further reinforcing its purpose. This artifact was found in Egypt, a testament to the rich funerary traditions and artistic prowess of the period."
3247,600 BC - 570 BC (mainly),Excavated/Findspot: Naukratis (possibly),egyptian blue,incised; mould-made; undercut; pierced,"Inscription type: inscription Inscription position: underside Inscription language: Egyptian Inscription script: hieroglyphic Inscription note: The cross-shaped symbol between two discs could be interpreted as a debased version of wah-ib-Ra, the Horus name of Psamtek I, or nomen of Apries (Gorton 1996, 110).",griffin,Named in inscription: Psamtek I (?);  Named in inscription: Apries (?),26th Dynasty,Ancient Egyptian,Egypt,"This ancient Egyptian artifact is a small mould-made scarab, crafted between 600 BC and 570 BC during the 26th Dynasty. Fashioned from Egyptian blue paste of fine texture, the scarab is notably bright in color, despite its eroded condition. While the back of the piece is broken, the sides reveal simply modeled legs with an undercut triangle. The underside features an incised depiction of a winged seated griffin facing right, flanked by what appears to be a Maat feather symbol. Adjacent is a partially engraved cartouche containing three debased hieroglyphic signs, possibly representing the Horus name of Psamtek I or the nomen of Apries. A vertical line separates the inscription from the griffin. The artifact is longitudinally pierced, indicating it may have been used as an amulet or ornament. This scarab was possibly excavated from Naukratis, a significant trade hub in Egypt, offering insights into the cultural and symbolic exchanges of the time."
8097,450-500 (circa),Found/Acquired: Shibayama dolmen,bronze; gold,gilded,,,,Middle Kofun,Japanese,Japan,"This quiver fitting, originating from the Middle Kofun period in Japan and dated circa 450-500 CE, exemplifies the sophisticated craftsmanship of the era through its use of gilt bronze. The fitting, a component of a quiver, was skillfully gilded, showcasing the amalgamation of bronze and gold, which underscores the aesthetic and functional priorities of this historical period. It was discovered at the Shibayama dolmen, a significant archaeological findspot that offers insights into the burial practices and martial culture of ancient Japan. This artifact reflects the intricate metallurgical techniques and the cultural significance tied to the martial elite of the Kofun period."
8368,250-600,Found/Acquired: Asakura Dolmen,stoneware,tataki,"Inscription type: inscription Inscription position: on biggest sherd Inscription language: English Inscription quoted: Iyo, Asakusa No. 7 Dolmen (outside) 8/10/88 Inscription note: Handwritten.",,,Kofun Period,Japanese,Japan,"These ten stoneware sherds, originating from the Kofun Period and dating between 250-600 CE, were discovered at the Asakura Dolmen in Japan. The fragments feature the distinctive tataki technique, characterized by matted paddle and anvil marks, suggesting their utilitarian use in ancient ceramic practices. The largest sherd bears a handwritten English inscription: ""Iyo, Asakusa No. 7 Dolmen (outside) 8/10/88,"" possibly serving as a later cataloging mark. This collection of sherds provides valuable insight into the craftsmanship and material culture of early Japanese society, particularly the funerary practices associated with the Kofun Period."
8274,650,Found/Acquired: Okamachi,stoneware,incised,Inscription type: inscription Inscription language: English Inscription quoted: 10cho N of Okamachi (Settsu),,,Late Kofun,Japanese,Japan,"This Late Kofun period Futatsuki dish with a lid, dating to 650 CE, exemplifies the high-fired stoneware craftsmanship prevalent in ancient Japan. The dish features a round base with a slightly inclining short rim, designed to accommodate the fitted lid. The lid itself is characterized by its slightly flattened top and a rim formed between the top and its sides, demonstrating the functional elegance of the era's utilitarian ceramics. An inscription in English, denoting ""10cho N of Okamachi (Settsu),"" provides locational context, suggesting its origins or use in the region. This artifact was found in Okamachi, further anchoring its historical and cultural significance within the Japanese landscape of the time."
8205,250-600,Found/Acquired: Ibaraki-ken,stoneware,pierced,,,,Kofun Period,Japanese,Japan,"This artifact is a fragmentary Takatsuki, representing the pedestal of a pedestal bowl from the Kofun Period, crafted between 250-600 CE. Made of high-fired stoneware, it features distinctively three perforations, a characteristic of pierced technique used during its creation. As part of Japanese cultural heritage, this piece exemplifies the ceramic craftsmanship of the Kofun Period. The fragment was discovered in Ibaraki-ken, Japan, contributing to the understanding of ancient Japanese ceremonial and utilitarian vessels."
8148,700-750,Found/Acquired: Akasaka-cho (near),stoneware,ash-glazed,"Inscription type: inscription Inscription language: English Inscription quoted: Akasaka, dolmen near",,,Late Kofun,Japanese,Japan,"This Late Kofun period sagebe, a hanging jar dating from 700-750 CE, exemplifies the high-fired stoneware craftsmanship of Japan. The jar features a circular body with one side flattened and the other spherical, lending a distinctive and intriguing form. It is adorned with a natural ash glaze, indicative of traditional Japanese glazing techniques. The short neck flares into a wide mouth, and the addition of round knobs on the shoulder serves as stylized jug handles. An inscription in English mentions ""Akasaka, dolmen near,"" providing context to its provenance or possible site of acquisition. Discovered near Akasaka-cho, this artifact offers a glimpse into the utilitarian and artistic expressions of Late Kofun Japan, reflecting the era's sophisticated ceramic traditions."
8117,450-500 (circa),Found/Acquired: Shibayama dolmen,bronze; gold,gilded,,,,Middle Kofun,Japanese,Japan,"This Middle Kofun quiver fitting, dating from circa 450-500 CE, is an exquisite example of early Japanese craftsmanship. Constructed from bronze and skillfully gilded, the fitting exhibits the era's intricate metalwork techniques. Associated with the equestrian culture prominent during the Kofun period, this artifact exemplifies the artistic emphasis on elaborate and decorative armor and weapon accessories. Its provenance traces back to Shibayama dolmen, enriching our understanding of burial customs and the symbolic significance of martial equipment within Kofun society."
8351,250-600,Found/Acquired: Myohoji,stoneware,tataki,Inscription type: inscription Inscription position: underside Inscription language: English Inscription quoted: Miyohoji mura. Below mound near the dolmen 3/4/84,,,Kofun Period,Japanese,Japan,"This triangular sherd from a high-fired stoneware vessel dates back to the Kofun Period, approximately between 250-600 CE. It is characterized by the distinctive tataki technique, which imparts a matted paddle mark texture on its surface, a hallmark of Japanese craftsmanship of the era. An inscription is etched on the underside, in English, stating ""Miyohoji mura. Below mound near the dolmen 3/4/84,"" providing insight into its original context and location. Discovered at Myohoji in Japan, this artifact is a significant fragment reflecting the ceramic practices and material culture of ancient Japan."
8381,250-552,Found/Acquired: Izumi (historic - kuni) (?),stoneware,tataki,,,,Kofun Period,Japanese,Japan,"This Yokobe, a barrel-shaped jar from the Kofun Period, dates back to between 250-552 CE and is a representative artifact of the Japanese cultural heritage. Crafted from high-fired stoneware, the jar features a wide mouth and short neck, characteristic of its functional design. Its exterior showcases tataki matted paddle marks, a technique indicative of its time, while the interior bears anvil marks, suggesting the artisans' skilled craftsmanship. Kiln wasters adhering to the sides provide insight into its production process and the kiln settings of the period. This artifact was found in or acquired from the historic region of Izumi, offering a glimpse into the material culture of ancient Japan."
8246,794-795,Found/Acquired: Nijo-jo,stoneware,glazed,,,,Heian Period,Japanese,Japan,"This collection of five roof-tile fragments, crafted in green glazed stoneware, hails from the illustrious Daigokuden and dates back to 794-795 CE, during Japan's Heian Period. As architectural remnants, these tiles provide a tangible link to the opulent structures of their time, reflecting the sophisticated tile production techniques employed for imperial buildings. Glazed to a rich green hue, these fragments contribute valuable insights into the aesthetic and functional considerations of early Japanese architecture. Unearthed at Nijo-jo, they offer a glimpse into the material culture and architectural advancements of Japan's capital cities in the late 8th century."
7915,400-450,Excavated/Findspot: Kawachi (historic - kuni),stoneware,ash-glazed; kakime; incised,Inscription type: inscription Inscription quoted: Kawachi,,,Middle Kofun,Japanese,Japan,"This Middle Kofun period jar, dated between 400-450 CE, exemplifies Japanese ceramic artistry through its high-fired stoneware composition and natural ash glaze finish. Its globular body features a rounded base, with the neck elegantly spreading towards the mouth. The jar is adorned with kakime bands—wavy patterns skillfully incised with an eight-pointed comb, accentuating the shoulders and repeating between two raised ridges along the neck. An inscription referencing ""Kawachi"" suggests historical significance, possibly linked to its excavation site in Kawachi, a once-prominent kuni (historic province) of Japan. This artifact reflects the sophisticated craftsmanship and aesthetic sensibilities of the Kofun period, providing insight into the cultural practices of the time."
8150,550-599,Found/Acquired: Akasaka-cho (Kiyomizu dolmens),stoneware,ash-glazed; incised,Inscription type: inscription Inscription language: English Inscription quoted: Mino. near Kiyomizu 3 ri from Akasaka,,,Late Kofun,Japanese,Japan,"This Late Kofun period sagebe, a hanging jar crafted between 550-599 CE, epitomizes the exquisite artistry of early Japanese stoneware. Made from high-fired stoneware with a natural ash glaze, the jar features a unique form with a circular body, comprising one flat and one spherical side. Its short neck gracefully expands towards the mouth, flanked by two round handles on the shoulders. The jar is meticulously decorated with fine incised spiral lines and two bands of radiating ornament, showcasing the skilled incising techniques of the time. An English inscription notes the proximity to ""Mino, near Kiyomizu 3 ri from Akasaka,"" linking it to the historical rich region of Japan. This remarkable artifact was found at Akasaka-cho, near the Kiyomizu dolmens, providing a tangible connection to the Late Kofun period and offering valuable insights into the ceramic practices and cultural dimensions of ancient Japan."
7912,650-700,Found/Acquired: Yasui rock tomb,stoneware,tataki,,,,Late Kofun,Japanese,Japan,"This exquisite jar from the Late Kofun period, crafted between 650-700 CE, epitomizes the high-fired stoneware artistry of ancient Japan. Featuring a globular body with a rounded base and a short neck that elegantly flares towards the mouth, the jar is accented by circular handles affixed to each shoulder. The exterior showcases distinctive tataki matted paddle marks, a testament to the period's ceramic techniques, while the interior bears the hallmark round anvil marks. Shellfish fragments adhere to its surface, hinting at its historical and geographical journey. This artifact was discovered in the Yasui rock tomb in Japan, providing valuable insight into the burial practices and material culture of the era."
8127,450-500 (circa),Found/Acquired: Shibayama dolmen,bronze; gold,gilded,,,,Middle Kofun,Japanese,Japan,"This quiver fitting, dating approximately from 450-500 CE, originates from the Middle Kofun period in Japan. The artifact is crafted from bronze and features a gilded surface, showcasing the sophisticated metalworking techniques of the era. Its discovery in the Shibayama dolmen highlights its cultural significance, as quiver fittings were often associated with the burial practices and status of individuals during the Kofun period. This piece serves as a testament to the artistry and ceremonial customs of ancient Japanese society."
7695,600 (ca.),Found/Acquired: Akasaka-cho (near),stoneware,ash-glazed; pierced; incised,Inscription type: inscription Inscription language: English Inscription quoted: Mino near Kiyomizu 3 ri from Akasaka,,,Late Kofun,Japanese,Japan,"This Late Kofun period pedestal long-necked jar, dating to around 600 CE, is a striking example of Japanese stoneware craftsmanship. Constructed from high-fired stoneware, it features a natural ash glaze that imparts a durable, aesthetically pleasing surface. The jar's globular body is designed with a flattened shoulder, resting on a pedestal which flares towards the foot, and it possesses a neck that also expands towards the mouth. Artistic embellishments include incised grooves that accentuate the pedestal, body, and neck, with the pedestal itself exhibiting three long vertical perforations, adding to its visual intrigue. An English inscription references ""Mino near Kiyomizu 3 ri from Akasaka."" This artifact was discovered near Akasaka-cho, situating it geographically within Japan and providing insight into the region's ceramic traditions during this era."
8146,600 (ca.),Found/Acquired: Settsu (historic - kuni) (Nose district),stoneware,ash-glazed; incised,Inscription type: inscription Inscription quoted: Nose,,,Late Kofun,Japanese,Japan,"This Late Kofun period sagebe, crafted around 600 CE in Japan, is a sophisticated hanging jar made of high-fired stoneware, distinguished by its natural ash glaze. It features a circular body with one side flattened and the opposite side spherical, a design that exemplifies the era's aesthetic sensitivity. The jar boasts a short neck that elegantly expands toward the mouth, complemented by small hook-shaped handles attached to its shoulders. Both sides of the jar are adorned with spiraling incised lines, adding to its visual intrigue. An inscription quoted as ""Nose"" further enhances its historical significance, connecting it to the Settsu region in the historic Kuni Nose district, where it was found. This artifact is a testament to the technical and artistic prowess of potters during the Late Kofun period in Japan."
8340,250-600,Found/Acquired: Domyoji,stoneware,tataki; ash-glazed,"Inscription type: inscription Inscription position: label on objects Inscription language: English Inscription quoted: Partially destroyed mound. One of three; 
bro[ken] Mound Domioji; 
Broken down mound. Domioji. Inscription note: Handwritten.",,,Kofun Period,Japanese,Japan,"This collection of five vessel sherds originates from the Kofun Period of Japan, dating between 250-600 CE. Crafted from high-fired stoneware, these fragments display remnants of natural ash glaze and visible tataki paddle and anvil marks, reflecting traditional Japanese ceramic techniques. Handwritten English inscriptions on labels accompany the pieces, detailing their provenance with references to a partially, and at times completely, destroyed mound at Domyoji, the location where they were discovered. These sherds provide a tangible connection to the Kofun era’s cultural practices and ceramic craftsmanship, underscoring the sophisticated aesthetics and functional artistry prevalent during this period in Japan."
7717,250-600 (?),Found/Acquired: Yamato (historic - kuni),stone,carved,,horse/ass,,Kofun Period,Japanese,Japan,"This carved stone equine figure, originating from Japan's Kofun Period, dates back to approximately 250-600 CE. The sculpture, representing a horse or ass, is intricately carved, reflecting the skill and artistry associated with this era in Japanese history. The Kofun Period is marked by its distinctive burial mounds and funerary art, of which this figure is a fine example. Discovered in the historic region of Yamato, this artifact highlights the cultural and symbolic significance of equines in Japanese society during this time, often associated with status and spiritual beliefs."
8319,250-600,Found/Acquired: Misaoyama Dolmen,stoneware,glazed; tataki,Inscription type: inscription Inscription position: label Inscription language: English Inscription quoted: Misao yama near Okayama. same [...] as dolmen no 13 Inscription note: Handwritten.,,,Kofun Period,Japanese,Japan,"This artifact is a sherd from a vessel originating from the Kofun Period in Japan, dating back to 250-600 CE. Constructed from green glazed stoneware, the sherd exhibits unique surface textures, including tataki matted paddle marks and carved anvil marks on the underside. It bears an English inscription on a label, noting its proximity to Misao-yama near Okayama, with a reference to dolmen number 13, suggestive of its archaeological context. This piece was discovered at the Misaoyama Dolmen, linking it to the rich funerary traditions of the Kofun Period. Such artifacts provide valuable insight into the material culture and techniques, such as glazing and decoration, employed during this prehistoric era in Japan."
8213,650-700,Found/Acquired: Akasaka-cho (Tsukimi-yama),stoneware,ash-glazed,Inscription type: inscription Inscription position: paper slip attached to pedestal Inscription language: Japanese Inscription quoted: 発掘人赤坂村堤庄八　同村　　　同村松尾淺吉売買人赤坂村清水甚吉」　不破郡赤坂村　々有他　家月見山第四墳台付皿壱固　再度買取人　久瀬村　長岡善蔵　高三寸」; Inscription type: inscription Inscription quoted: Akasaka Mino Tsukimi-yama,,,Late Kofun,Japanese,Japan,"This Late Kofun period pedestal bowl, dating from 650-700 CE, exemplifies the artistry of high-fired stoneware with a natural ash glaze. Known as a takatsuki, the artifact features a shallow bowl with sides that expand gracefully towards the rim, resting atop a slender pedestal that broadens into a foot with a slightly raised edge. Accompanying the bowl is a paper slip inscribed in Japanese, linking it to individuals and locations associated with its excavation and provenance, including references to ""赤坂村"" (Akasaka village) and ""月見山"" (Tsukimi-yama). This piece was found in Akasaka-cho (Tsukimi-yama), offering valuable insights into the cultural and ceremonial practices of the Late Kofun period in Japan."
8336,250-600,Found/Acquired: Myohoji (3 April 1884),stoneware,tataki,Inscription type: inscription Inscription position: label Inscription language: English Inscription quoted: Miyohoji mura. Below mound near the dolmen. 3/4/84,,,Kofun Period,Japanese,Japan,"This sherd of a vessel, dating from the Kofun period between 250-600 CE, is crafted from high-fired stoneware and exhibits the distinct tataki technique, characterized by matted paddle marks across its surface. It captures the refined ceramic craftsmanship of Japan's Kofun era. An English inscription, dated to April 3, 1884, specifies ""Miyohoji mura. Below mound near the dolmen,"" providing contextual provenance of its discovery at Myohoji, Japan. This artifact, found near a dolmen, underlines the historical and cultural practices of burial and pottery production during this significant era of early Japanese society."
8344,550-620,Found/Acquired: Ryoseki (?),stoneware,tataki,,,,Late Kofun,Japanese,Japan,"This assemblage of 14 sherds, dating from 550-620 CE, originates from the Late Kofun period in Japan. Crafted from high-fired stoneware, each piece exhibits the distinctive tataki technique, characterized by impressions made using a carved anvil on the interior and a matted paddle on the exterior. These artifacts, emblematic of the technological and artistic advancements of the era, were discovered or acquired in Ryoseki, although the exact findspot remains uncertain. The sherds offer valuable insights into the ceramic practices and cultural expressions of Japan during the Late Kofun period."
8222,750-800,Found/Acquired: Hattorigawa,stoneware,incised,"Inscription type: inscription Inscription quoted: Hattorigawa Kawachi, 13/2/86",,,Late Kofun,Japanese,Japan,"This late Kofun period stoneware artifact, produced between 750-800 CE, is a lid of a Takatsuki, or pedestal bowl, showcasing the refined craftsmanship of ancient Japan. Fashioned from dark grey high-fired stoneware, the lid features a prominent knob and intricate decorative incisions, including two concentric grooves encircling it, with a band of oblique strokes artfully nestled between them. An inscription, reading ""Hattorigawa Kawachi, 13/2/86,"" is present, potentially indicating the site of discovery or other contextual details. Unearthed at Hattorigawa in Japan, this relic provides valuable insight into the artisanal techniques and cultural expressions of the Late Kofun period, enriching our understanding of Japan's historical and artistic heritage."
7845,250-600,Found/Acquired: Shibayama dolmen,bronze; gold; silver,gilded,,,,Kofun Period,Japanese,Japan,"This exquisite ornamental harness pendant from the Kofun Period, dating between 250-600 CE, exemplifies the metallurgical artistry of ancient Japan. Crafted from a combination of gilt bronze, iron, and silver, the pendant features a distinctive design where an oval is seamlessly integrated with an attached rhombus. Such pendants were traditionally affixed to the harnesses of horses, serving both functional and decorative purposes. The gilded finish enhances its luxurious appearance, reflecting the cultural emphasis on elaborate equestrian adornments during this era. This artifact was unearthed from the Shibayama dolmen, offering valuable insights into burial practices and the high status accorded to equestrian equipment in Kofun society."
8370,250-600,Found/Acquired: Nanamagari toge (17 Oct 1883),stoneware,tataki,"Inscription type: inscription Inscription position: label (on both) Inscription language: English Inscription quoted: Buzen. Nana magari toge, Uyeno mura Oct 17/83",,,Kofun Period,Japanese,Japan,"These two vessel sherds, originating from Japan's Kofun Period, date from 250-600 CE and are crafted from high-fired stoneware. The surface of these artifacts is distinguished by tataki matted paddle and carved anvil marks, showcasing the ancient technique used in their creation. Each sherd bears an inscription in English, providing provenance details: ""Buzen. Nana magari toge, Uyeno mura Oct 17/83."" These sherds were discovered at Nanamagari toge on October 17, 1883, offering insight into the ceramic practices and cultural milieu of that era in Japan."
8058,650-700,Found/Acquired: Misaoyama Dolmen,stoneware,ash-glazed; pierced,"Inscription type: inscription Inscription position: label on foot Inscription language: English Inscription quoted: Misaoyama, Bizen from dolmens. From CSuicho. Inscription note: Handwritten.",,,Late Kofun,Japanese,Japan,"This Late Kofun pedestal vessel, dating from 650-700 CE, serves as a remarkable example of Japanese stoneware used for serving rice wine, known as daitsuki hasou. Crafted from high-fired stoneware, it features a natural ash glaze that highlights its aesthetic appeal. The vessel boasts a globular body, with a round perforation on one side designed for a bamboo spout, and has a distinctive long neck that broadens into a wide mouth accented by a ridge below the rim. It is supported by a short pedestal that expands towards the foot. A handwritten English inscription is found on a label on the foot, which reads ""Misaoyama, Bizen from dolmens. From CSuicho,"" indicating its provenance. This artifact was found at the Misaoyama Dolmen in Japan, offering insights into the funerary practices and material culture of the Late Kofun period."
8363,250-600,Found/Acquired: Tachibana-dera (橘寺),stoneware,tataki,"Inscription type: inscription Inscription position: on label Inscription language: English Inscription quoted: Tachibana dera 
From road 27/7/82 Inscription note: Handwritten.",,,Kofun Period,Japanese,Japan,"This triangular sherd of a vessel, dating from 250-600 CE, hails from the Kofun Period in Japan, showcasing the distinct characteristics of stoneware material. The fragment bears marks from the tataki technique, with visible matted paddle and anvil impressions, indicative of the meticulous craftsmanship of the era. An inscription on a label, handwritten in English, notes its provenance as ""Tachibana dera From road 27/7/82,"" elucidating its historical findspot in Tachibana-dera, Japan. This artifact provides valuable insights into Japanese ceramic practices during the Kofun era, with its cultural and technical attributes contributing to our understanding of ancient Japanese society."
8056,650 (ca.),Found/Acquired: Hiemura,stoneware,pierced; incised,,,,Late Kofun,Japanese,Japan,"This Late Kofun period pedestal long-necked jar, or ""daitsuki chokeiko,"" dating circa 650 CE, is an exquisite example of high-fired stoneware from Japan. The jar features a globular body with a flattened shoulder section, supporting a long neck that expands gracefully towards the mouth. Its short leg similarly expands towards the foot and is uniquely designed with four small round perforations on its sides, adding to its ornate appeal. The body is adorned with two incised grooves at the shoulder, demonstrating the skilled craftsmanship of the time. This piece, emblematic of the Late Kofun era's ceramic traditions, was found in Hiemura, providing valuable insight into the artistic practices of ancient Japanese cultures."
7843,250-600,Found/Acquired: Shibayama dolmen,bronze; gold,gilded,,,,Kofun Period,Japanese,Japan,"This fragment of a harness pendant dates from the Kofun Period, specifically between 250-600 CE, and was discovered at the Shibayama dolmen in Japan. Crafted from gilt bronze, this pendant originally embodied an elegant design featuring oval and lozenge shapes, of which only a section of the oval remains today. The use of gilding indicates the luxurious craftsmanship typical of the era, reflecting the sophistication and artistry present in Japanese metalwork during this time. The pendant's origin from a dolmen—a megalithic tomb structure—suggests its role in burial practices, potentially symbolizing status or serving as a ceremonial object. This artifact offers insights into the material culture and mortuary customs of the ancient Kofun society."
8280,250-600,Found/Acquired: Omi-Hachiman,stoneware; lacquer,lacquered,,,,Kofun Period,Japanese,Japan,"This exquisite tsuki, or dish, hailing from the Kofun Period of Japan, was crafted between 250-600 CE. Fashioned from high-fired stoneware, the dish presents as a shallow bowl with sides gracefully expanding towards the upper rim, embodying the elegant simplicity of early Japanese ceramics. Noteworthy is its repair using the traditional kintsugi technique, where gold lacquer is used to mend the dish, celebrating rather than concealing its imperfections. This method not only restores utility but also enhances its aesthetic, illustrating the Japanese philosophy of finding beauty in imperfection. The dish was discovered in Omi-Hachiman, offering a glimpse into the material culture and artistic practices that flourished during this period in Japan."
8355,250-600,Found/Acquired: Minohara (?),stoneware,tataki,Inscription type: inscription Inscription position: on wrapping paper Inscription language: English Inscription quoted: Mi no hana dolmen Settsu Inscription note: Handwritten.,,,Kofun Period,Japanese,Japan,"This assemblage consists of eight vessel sherds from the Kofun Period, dated between 250-600 CE, originating from Japan. Crafted from high-fired stoneware, several pieces display distinctive tataki technique marks, characterized by paddle and anvil impressions. While the sherds themselves lack inscriptions, the accompanying wrapping paper contains a handwritten English note, ""Mi no hana dolmen Settsu,"" suggesting potential connections to the Settsu region. Discovered in the area of Minohara, these artifacts provide valuable insight into the ceramic practices and cultural nuances of the Kofun Period in Japan."
