exhibit_number,id,Production date,Find spot,Materials,Technique,Inscription,Subjects,Assoc name,Culture,Section,Place,description,production_year_min,production_year_max,is_date_range,date_parse_status,find_spot_city,find_spot_country,location_parse_status
1,3137,1476BC-1457BC (circa),Found/Acquired: Egypt,glazed composition; gold,glazed; pierced; incised,"Inscription type: inscription Inscription position: bezel Inscription script: hieroglyphic Inscription translation: Titles/epithets include :The Good Goddess Maatkare, may she live. Inscription note: Incised prenomen.",,Named in inscription: Hatshepsut,18th Dynasty,Ancient Egyptian,Egypt,"This exquisite Ancient Egyptian artifact from the 18th Dynasty, dating circa 1476-1457 BC, is a gold finger-ring featuring a turquoise-green glazed composition scarab as its bezel. The scarab is intricately detailed on its back and is set in a gold mount, inscribed with the prenomen or throne name of the renowned Queen Hatshepsut, flanked by hieroglyphs that translate to ""The Good Goddess Maatkare, may she live."" The ring's construction boasts a hollow gold foil shank, cleverly folded around a wire, with an additional wire threaded through the scarab's piercing to enable its swiveling function. The skillfully applied techniques include glazing, piercing, and incising, reflecting the craftsmanship of the era. This artifact, discovered in Egypt, offers a glimpse into the opulent and symbolically rich adornments of Egyptian royalty.",-1476.0,-1457.0,True,success,Egypt,Egypt,success
2,3166,1390BC-1352BC (circa),Found/Acquired: Egypt,glazed composition,glazed; painted,Inscription type: inscription Inscription script: hieroglyphic Inscription translation: Titles/epithets include : Good God Inscription note: Painted.,,Named in inscription: Amenhotep III,18th Dynasty,Ancient Egyptian,Egypt,"This elliptical name-bead from the 18th Dynasty, dated circa 1390-1352 BC, exemplifies the intricate artistry of Ancient Egyptian craftsmanship. Created from a bichrome glazed composition, it features a striking white on blue finish. The bead is designed with a double piercing and a cord channel on the back, allowing it to be worn as an adornment. The front of the bead is adorned with a painted cartouche that holds the prenomen of Pharaoh Amenhotep III, accompanied by the epithet ""Good God,"" rendered in hieroglyphic script. This inscription emphasizes the divine and regal nature of the pharaoh's persona during his reign. The bead was found in Egypt, serving as a testament to the enduring legacy of Amenhotep III within Egyptian history and art.",-1390.0,-1352.0,True,success,Egypt,Egypt,success
3,3170,650BC (after),Found/Acquired: Egypt,glazed composition,glazed; incised,Inscription type: inscription Inscription position: bead face Inscription script: hieroglyphic Inscription translation: Psamtek (Psammetichus),,Named in inscription: Psamtek,26th Dynasty,Ancient Egyptian,Egypt,"This necklace from ancient Egypt, dating to the period after 650 BCE during the 26th Dynasty, is a remarkable artifact consisting of numerous green-blue glazed composition rectangular beads or plaques. Each bead is intricately incised with hieroglyphs naming Psamtek, known as Psammetichus, and features two longitudinal perforations for stringing. The glazing and incised techniques used highlight the sophisticated craftsmanship of the era. The necklace, associated with Psamtek—a prominent figure of the 26th Dynasty—illuminates the cultural and artistic practices of ancient Egypt. Discovered in Egypt, this piece serves as a testament to the region's rich history and the enduring legacy of its pharaonic rulers.",-650.0,-650.0,False,success,Egypt,Egypt,success
4,3171,664 BC-402 BC (probably 6th century BC),Excavated/Findspot: Naukratis,glazed composition,mould-made; incised,Inscription type: inscription Inscription position: Front Inscription language: Egyptian Inscription script: hieroglyphic Inscription transliteration: jmn-ra wp rnpt nfr [...] Inscription translation: May Amun-Ra inaugurate a perfect year [...] Inscription note: Traditional wishes found on New Year's flasks.,,Named in inscription: Amun-Ra,Late Period; 26th Dynasty,Ancient Egyptian,Egypt,"This artifact is a glazed composition New Year's flask from the Late Period, specifically the 26th Dynasty of Ancient Egypt, dating to approximately the 6th century BC. The flask, though partially preserved, displays intricate geometric designs such as tear drops and rectangles arranged in a broad collar of concentric registers on its upper body. A central vertical band features a hieroglyphic inscription, which is framed by vertical bands decorated with a scale pattern. The inscription, rendered in Egyptian hieroglyphics, translates to a traditional blessing: ""May Amun-Ra inaugurate a perfect year."" Crafted using a mould-made technique from a now glaze-lost greenish-yellow fine paste, this object reflects the cultural significance of Amun-Ra in New Year rituals. The flask was excavated at Naukratis, one of the key Greek trading hubs in Egypt, emphasizing its role in cultural exchanges of the period.",-664.0,-402.0,True,success,Naukratis,Egypt,success
5,3183,1275BC (circa),Found/Acquired: Memphis (historic - Egypt),glazed composition,glazed; inlaid; pierced,"Inscription type: inscription Inscription position: pectoral front Inscription script: hieroglyphic Inscription translation: Titles/epithets include : Lady of the West
Titles/epithets include : Mistress of the Necropolis Inscription note: Inlaid.; Inscription type: inscription Inscription position: scarab Inscription script: hieroglyphic Inscription translation: Titles/epithets include : Lady Inscription note: Painted.",ancient egyptian deity; eye of horus,Named in inscription & portrayed: Isis;  Named in inscription & portrayed: Nephthys;  Named in inscription: Ptahemheb (deceased),19th Dynasty,Ancient Egyptian,Egypt,"This exquisite 19th Dynasty Egyptian pectoral, dated circa 1275 BC, is a remarkable example of ancient artistry and religious symbolism. Crafted from glazed composition, it is shaped like a pylon, mimicking the monumental gateway entrances of Egyptian temples. The pectoral features sloping sides and a curved cavetto cornice, decorated with block patterns around its edges. Its vibrant color palette—yellow inlaid with blue, red, and green glazes—emulates precious materials like gold, lapis lazuli, cornelian, and turquoise. Central to the design is a dark blue heart scarab, representing lapis lazili and depicted within a solar barque, flanked by the goddesses Isis and Nephthys, whose hieroglyphic inscriptions label them as ""Lady of the West"" and ""Mistress of the Necropolis."" Additional protective symbols include a 'djed' pillar, the Girdle of Isis amulet, and two wedjat eyes, all intricately inlaid with polychrome glazes. On the pectoral's reverse, Chapter 30B from the 'Book of the Dead' is inscribed in turquoise green hieroglyphs, naming the deceased as Lady Ptahemheb. The underside also features a pattern of parallel dark blue lines forming a square frame around the scarab. Six holes are strategically placed for attachment to mummy wrappings, indicating its funerary use. Unearthed in historic Memphis, this pectoral highlights the convergence of artistry, religious devotion, and funerary practices in ancient Egypt.",-1275.0,-1275.0,False,success,Memphis,Egypt,success
6,3201,664 BC-510 BC (?); 589 BC - 570 BC (?),Excavated/Findspot: Naukratis,glazed composition,glazed; mould-made; pierced; stamped (possibly),Inscription type: inscription Inscription position: underside Inscription language: Egyptian Inscription script: hieroglyphic Inscription transliteration: wAH-ib-ra Inscription translation: Wahibre (Constant [is the] Heart [of] Re) Inscription note: Either prenomen of Psamtek I or nomen of Apries.,,Named in inscription: Psamtek I (?);  Named in inscription: Apries,26th Dynasty,Ancient Egyptian,Egypt,"This artifact is a mould-made scarab crafted from a glazed composition, dating from the 26th Dynasty of Egypt, approximately between 664 and 510 BC, plausibly during the reigns of Psamtek I or Apries. The scarab's back is simply modeled, featuring single lines delineating the prothorax and elytra, while the sides display highly simplified legs indicated by two horizontal grooves. Its underside is adorned with a hieroglyphic inscription, horizontally organized and deeply impressed, reading ""wAH-ib-ra,"" which translates to ""Wahibre (Constant [is the] Heart [of] Re)."" This inscription may reference the prenomen of Psamtek I or the nomen of Apries. Pierced longitudinally, the scarab exhibits a dirty brown glaze, possibly yellow originally, with a hard, pale yellow core underneath. This piece, excavated from Naukratis, reflects the intricate religious and cultural symbolism prevalent during the period, serving both as an amulet and a testament to the artistry of the era.",-664.0,-510.0,True,success,Naukratis,Egypt,success
7,3206,600 BC - 570 BC (mainly),Excavated/Findspot: Scarab Factory,glazed composition,mould-made; incised; pierced,"Inscription type: inscription Inscription position: underside Inscription language: Egyptian Inscription script: hieroglyphic Inscription note: The cross-shaped symbol between two discs could be interpreted as a debased version of wah-ib-Ra, the Horus name of Psamtek I, or nomen of Apries (Gorton 1996, 93).",,Named in inscription: Psamtek I (?);  Named in inscription: Apries (?),26th Dynasty,Ancient Egyptian,Egypt,"This Ancient Egyptian scarab, dating from 600 to 570 BC, originates from the 26th Dynasty and is believed to have been crafted at the Scarab Factory. Made from a glazed composition using mold-made, incised, and pierced techniques, the scarab has endured significant erosion over the centuries. While the back is notably rubbed, the divisions for the head, prothorax, and elytra remain discernible. The scarab's underside, although badly worn, features an incised vertical line separating a possibly unidentified figure to the right and a partial cartouche to the left. This cartouche contains three debased hieroglyphic signs, potentially representing a cross-shaped symbol flanked by two discs. This symbol might be interpreted as a debased version of the Horus name of Psamtek I or the nomen of Apries, based on interpretations by Gorton. The scarab, with its light yellow paste and almost nonexistent glaze—whether due to erosion or absence—is longitudinally pierced, reflecting the intricate artistry and symbolic significance embedded in Egyptian craftsmanship and regal iconography.",-600.0,-570.0,True,success,Scarab Factory,Egypt,success
8,3211,600 BC-570 BC (mainly),Excavated/Findspot: Naukratis,glazed composition,mould-made (likely); glazed,Inscription type: inscription Inscription position: underside Inscription script: hieroglyphic Inscription note: Just magical value of the hieroglyphs or cryptographic reading of the divine name Amun?,bird,Named in inscription: Amun (?),26th Dynasty,Ancient Egyptian,Egypt,"This artifact is a mould-made scarab, dating from the 26th Dynasty of Ancient Egypt, between 600 and 570 BC. Crafted with a glazed composition and adorned in a yellow glaze, the scarab's underside is inscribed with three horizontally arranged hieroglyphic signs: a Maat feather pointing to the right, followed by an owl and an ankh sign. The hieroglyphs may possess either magical significance or a cryptographic rendition of the divine name Amun. Such scarabs were common amulets in ancient Egyptian culture, often symbolizing rebirth and protection. This particular piece was excavated at Naukratis, a significant ancient Greek trading post in Egypt, illustrating the cultural exchanges in the region during this era.",-600.0,-570.0,True,success,Naukratis,Egypt,success
9,3212,600 BC - 570 BC (mainly),Excavated/Findspot: Naukratis,egyptian blue,incised; mould-made; pierced,Inscription type: inscription Inscription position: underside Inscription language: Egyptian Inscription script: hieroglyphic Inscription transliteration: jmn (?) Inscription translation: Amun (?) Inscription note: Cryptographic reading of the divine name Amun?,bird,Associated with: Amun-Ra (?),26th Dynasty,Ancient Egyptian,Egypt,"This small mould-made scaraboid, dating from 600 to 570 BC during Egypt's 26th Dynasty, exemplifies ancient Egyptian craftsmanship in bright blue Egyptian paste. The back is simply modeled, with incised lines indicating the clypeus, prothorax, and elytra, and notches denoting humeral callosities. The legs are abstractly represented by broad incised lines forming a triangle. The underside bears three hieroglyphic inscriptions: the Maat feather, an owl, and a sun-disc, which cryptographically reference the divine name Amun. Noteworthy for its longitudinal piercing, this artifact bears cultural and religious significance potentially linked to Amun-Ra. Discovered in Naukratis, this scaraboid offers insight into the religious and artistic practices of the period.",-600.0,-570.0,True,success,Naukratis,Egypt,success
10,3215,600 BC-570 BC (mainly),Excavated/Findspot: Scarab Factory,glazed composition,mould-made; incised (?); stamped (?); pierced,"Inscription type: inscription Inscription position: Underside Inscription language: Egyptian Inscription script: hieroglyphic Inscription transliteration: jmn (?)
[j]mn-ra (?)
Hr mnx-[jb] (?) Inscription translation: Amun (?)
Amun-Ra (?)
The Horus Menekhib (?) Inscription note: Likely meant as a cryptic way to write Amun (or Amun-Ra), or Horus name of  Psamtek II (?).",bird,Named in inscription: Amun-Ra (?);  Named in inscription: Psamtek II (?);  Named in inscription: Amun (?),26th Dynasty,Ancient Egyptian,Egypt,"This artifact is a mould-made scarab from the 26th Dynasty of Ancient Egypt, dating between 600 and 570 BC. Crafted from a glazed composition, the scarab's back is severely damaged, lacking detailed modeling, and only limited incised grooves suggestive of legs remain visible on its sides. The underside bears a poorly preserved hieroglyphic inscription, arranged horizontally from right to left, featuring the falcon, men-draughtboard sign, and sun-disc. This inscription might have been stamped rather than incised. The scarab is longitudinally pierced, though much of its glaze is lost, revealing a yellowish off-white core, now heavily worn. The inscription is possibly a cryptic way to denote Amun or Amun-Ra, or the Horus name of Psamtek II. This scarab was excavated from the Scarab Factory in Egypt, a site associated with the manufacture of these amulets during the Late Period, offering a glimpse into the religious and cultural significance of such objects, particularly in relation to deities like Amun and influential figures like Psamtek II.",-600.0,-570.0,True,success,Scarab Factory,Egypt,success
11,3245,600 BC-570 BC (mainly),Found/Acquired: Naukratis,glazed composition,mould-made; incised; pierced,Inscription type: inscription Inscription position: Underside Inscription language: Egyptian Inscription script: hieroglyphic Inscription transliteration: Hs xnsw Inscription translation: Praised by Khonsu,,Named in inscription: Khons,26th Dynasty,Ancient Egyptian,Egypt,"This artifact is a mould-made scarab from the 26th Dynasty of Ancient Egypt, dating between 600-570 BC. Crafted from a glazed composition, the scarab's back is simply detailed, featuring some indication of the clypeus, with single lines marking the prothorax and elytra. The sides display legs suggested through some modelling and undercut triangular shapes. Its underside is incised with a hieroglyphic inscription, although the glaze has been lost, leaving the cream core visible. The signs, despite erosion, are still recognizable and include motifs such as a sun-disc, men-draughtboard, hes-vase on the right, and a rpt-palm frond on the left. The inscription is vertically arranged and transliterates to ""Hs xnsw,"" meaning ""Praised by Khonsu,"" associating the scarab with the god Khonsu. This artifact was longitudinally pierced and discovered in Naukratis, offering insights into its function and cultural significance within the context of Ancient Egypt.",-600.0,-570.0,True,success,Naukratis,Egypt,success
12,3250,600 BC-570 BC (mainly),Excavated/Findspot: Scarab Factory,glazed composition,mould-made; incised; pierced; stamped (?),"Inscription type: inscription Inscription position: Underside Inscription language: Egyptian Inscription script: hieroglyphic Inscription transliteration: sʒ rʿ (?)
jmn rʿ (?) Inscription translation: Son of Ra (?)
Amun-Ra (?)",bird,Named in inscription: Amun-Ra (?),26th Dynasty,Ancient Egyptian,Egypt,"This miniature scarab, originating from the 26th Dynasty in Egypt and dating between 600 and 570 BC, is a mould-made artifact crafted from a glazed composition, although the glaze appears either lost or never applied, as noted in the Egypt Exploration Fund distribution list. The back is intricately modelled with a clypeus and head, with the prothorax and elytra delineated by single lines. The underside of this very crudely made piece features an incised or possibly stamped depiction of a bird, such as a goose or duck, accompanied by a sun disc above and a potential lotus flower to the right. Hieroglyphic inscriptions on the underside, possibly transliterated as ""sʒ rʿ"" (Son of Ra?) and ""jmn rʿ"" (Amun-Ra?), suggest religious or symbolic significance, potentially associated with Amun-Ra. The piece is longitudinally pierced, made from yellowish beige paste, with its surface notably abraded. It was excavated from the Scarab Factory, a site reflecting the prolific production and use of scarabs in ancient Egypt.",-600.0,-570.0,True,success,Scarab Factory,Egypt,success
13,3252,600 BC - 570 BC (mainly),Excavated/Findspot: Scarab Factory,glazed composition,mould-made; incised; pierced,"Inscription type: inscription Inscription position: underside Inscription language: Egyptian Inscription script: hieroglyphic Inscription transliteration: jmn-ra nb (?) Inscription translation: Amun-Ra is lord (?) Inscription note: Name of Amun-Ra written with yod-sign (shaped slightly like a Maat-feather), owl, sun-disc (small circle) and men-draughtboard signs, with additional debased signs (cross-shaped sign and a second small circle).",,Named in inscription: Amun-Ra,26th Dynasty,Ancient Egyptian,Egypt,"This artifact is a mould-made scarab from the 26th Dynasty, specifically dated between 600 and 570 BC, originating from Egypt. Crafted from glazed composition, the scarab boasts a rather well-modeled back, featuring incised lines delineating the clypeus, prothorax, and elytra, with the humeral callosities depicted as winglets. The sides reveal legs, expressed through broad incised lines forming a triangle, although they are not cut away. The underside of the scarab is adorned with an incised hieroglyphic inscription, transcribed as ""jmn-ra nb"" and translated to ""Amun-Ra is lord,"" showcasing the name of the deity Amun-Ra using a combination of hieroglyphs including a yod-sign, owl, sun-disc, men-draughtboard signs, and additional debased signs such as a cross-shaped sign and a second small circle. The glaze has been lost over time, revealing the creamy yellow core. This piece was uncovered at the site known as the Scarab Factory, contributing to our understanding of ancient Egyptian religious symbolism and craftsmanship.",-600.0,-570.0,True,success,Scarab Factory,Egypt,success
14,3262,600 BC-570 BC (mainly),Excavated/Findspot: Scarab Factory,glazed composition,mould-made; incised; pierced,Inscription type: inscription Inscription position: Underside Inscription language: Egyptian Inscription script: hieroglyphic Inscription transliteration: Pa-dj-bastt Inscription translation: Padibastet,,Named in inscription: Padibast,26th Dynasty,Ancient Egyptian,Egypt,"This Ancient Egyptian scarab from the 26th Dynasty, dating between 600 and 570 BC, is a mould-made artifact crafted from glazed composition. The scarab's back is adorned with incised details, now mostly eroded, while the underside bears an incised hieroglyphic inscription of the name Padibastet. The piece is longitudinally pierced, hinting at its use as an amulet or personal ornament. Traces of its original pale green glaze survive, though the surface is much worn, revealing the underlying chalky white paste. This scarab, discovered at the ""Scarab Factory"" site in Egypt, offers a glimpse into the craftsmanship and cultural significance of such amulets in the society that revered them.",-600.0,-570.0,True,success,Scarab Factory,Egypt,success
15,3271,600 BC - 570 BC (mainly),Excavated/Findspot: Naukratis,glazed composition,mould-made; glazed; incised; stamped (possibly); pierced,Inscription type: inscription Inscription position: underside Inscription language: Egyptian Inscription script: hieroglyphic Inscription transliteration: jmn (?) Inscription translation: Amun (?) Inscription note: Possibly meant as a cryptic way to write Amun.,bird,Named in inscription: Amun (?),26th Dynasty,Ancient Egyptian,Egypt,"This mold-made scarab from the 26th Dynasty of Ancient Egypt, dating approximately between 600 BC and 570 BC, is crafted from glazed composition. Its back is intricately designed, featuring a modeled clypeus, head, and a prothorax, with the elytra defined by simple lines and small triangles marking winglets. The underside of the scarab is decorated with a vertically arranged motif comprising a sun disc and a falcon holding a flail above a neb-basket sign, a motif possibly stamped rather than incised. The scarab is pierced lengthwise for suspension or attachment, although its glaze is now lost, revealing a yellowish-white paste and an eroded surface. The inscription on the underside, written in hieroglyphic script, is interpreted as jmn, possibly representing the god Amun in a cryptic manner. This artifact offers insight into the religious symbolism and craftsmanship of the period and was excavated at Naukratis, an important trading hub in ancient Egypt where Greek and Egyptian cultures intermingled.",-600.0,-570.0,True,success,Naukratis,Egypt,success
16,3281,664 BC - 525 BC (?),Excavated/Findspot: Naukratis,glazed composition,incised; undercut; pierced,Inscription type: inscription Inscription position: underside Inscription language: Egyptian Inscription script: hieroglyphic Inscription translation: Praised by Hapy,ancient egyptian deity,Representation of: Hapy,26th Dynasty,Ancient Egyptian,Egypt,"This ancient Egyptian scarab, originating from the 26th Dynasty and produced circa 664-525 BCE, is a striking artifact crafted from glazed composition. Despite the glaze being lost, the cream-colored paste reveals its intricate details. The back of the scarab, though worn, retains its form with the clypeus still visible. It features well-modeled legs, enhanced by feathering on the front legs, and a distinctly marked undercut triangular space between the legs. The underside is incised with a rather crude depiction of the kneeling fertility figure Hapy, or a similar deity, noted for his prominent belly. He is crowned by a papyrus thicket and holding a Hes vase, a symbol of prosperity. The scarab is longitudinally pierced, possibly indicating its use as an amulet. The hieroglyphic inscription, ""Praised by Hapy,"" resonates with the religious and cultural significance of the period. Excavated in Naukratis, this artifact reflects the spiritual and artistic expressions of Ancient Egypt during the 26th Dynasty.",-664.0,-525.0,True,success,Naukratis,Egypt,success
17,3292,600 BC - 570 BC (mainly),Excavated/Findspot: Naukratis,glazed composition,mould-made (probably),Inscription type: inscription Inscription position: Underside Inscription language: Egyptian Inscription script: hieroglyphic Inscription transliteration: jmn (?) Inscription translation: Amun (?) Inscription note: Likely meant as a cryptic way to write Amun.,,Named in inscription: Amun,26th Dynasty,Ancient Egyptian,Egypt,"This ancient Egyptian scaraboid, dated to the 26th Dynasty between 600 and 570 BC, is crafted from a glazed composition and likely mould-made. The artifact presents a slightly domed and plain back with straight sides. Its underside features a crudely inscribed hieroglyphic inscription, read from right to left, depicting a sun-disc, yod-sign, and sw-plant sign. This inscription is believed to cryptically denote the god Amun, highlighting the sacred associations typical of the period's iconography. Excavated from the site of Naukratis in Egypt, the scaraboid offers insight into the devotional practices and artistic techniques of the era.",-600.0,-570.0,True,success,Naukratis,Egypt,success
18,3295,600 BC - 570 BC (mainly),Excavated/Findspot: Naukratis,glazed composition,glazed; mould-made; pierced; stamped,Inscription type: inscription Inscription position: underside Inscription script: hieroglyphic Inscription transliteration: jmn-ra (?) Inscription translation: Amun-Ra (?) Inscription note: Meant as a cryptic way to write Amun-Ra (?).,,Named in inscription: Amun-Ra (?),26th Dynasty,Ancient Egyptian,Egypt,"This artifact is a mould-made scaraboid from the 26th Dynasty of Egypt, dating between 600 and 570 BC. Crafted from a glazed composition, it exhibits a back shaped like a couchant lion, albeit crudely modeled, with discernible features such as the face and two front paws. The underside of the scaraboid reveals a stamped hieroglyphic inscription, which includes three sun discs, men, and crude 'n' signs, possibly serving a cryptographic function. This inscription is thought to reference the deity Amun-Ra, albeit in a cryptic representation. The glaze presents a distinct dirty green color, while the core of this piece remains obscured. Additionally, this artifact is pierced longitudinally. It was excavated from Naukratis, a significant ancient Greek trading post in Egypt, providing insight into the cultural exchanges and religious symbolism of the era.",-600.0,-570.0,True,success,Naukratis,Egypt,success
19,3296,600 BC - 570 BC (mainly),Excavated/Findspot: Naukratis,egyptian blue,incised (possibly),"Inscription type: inscription Inscription position: underside Inscription language: Egyptian Inscription script: hieroglyphic Inscription transliteration: nb-maat-[ra] Inscription translation: The Lord of Maat [is Ra] (?) Inscription note: Though it corresponds to the prenomen of Amenhotep III (Petrie 1889, pl. 61, no. 1959), it is also a popular motto on scarabs.",african; ancient egyptian deity,Representation of: Maat (possibly),26th Dynasty,Ancient Egyptian,Egypt,"This scaraboid, crafted between 600 and 570 BC during Egypt's 26th Dynasty, is a remarkable example of Ancient Egyptian artistry, molded in Egyptian blue to represent the head of a Black African. Its underside, possibly incised, features hieroglyphic signs arranged vertically, comprising the image of a squatting deity, likely the goddess Maat, along with the Maat feather above the neb-basket sign. The inscription, written in Egyptian hieroglyphs, transliterates to ""nb-maat-[ra]"" and translates to ""The Lord of Maat [is Ra],"" a common motto on scarabs that also corresponds to the prenomen of Pharaoh Amenhotep III. This artifact, found in Naukratis, provides valuable insight into the religious and cultural symbolism of ancient Egypt, emphasizing the role of Maat as a central figure of truth and balance.",-600.0,-570.0,True,success,Naukratis,Egypt,success
20,3299,600 BC - 570 BC (mainly),Excavated/Findspot: Naukratis,glazed composition,mould-made (probably); incised (possibly),Inscription type: inscription Inscription position: underside Inscription language: Egyptian Inscription script: hieroglyphic Inscription transliteration: jmn-ra Inscription translation: Amun-Ra,,Named in inscription: Amun-Ra,26th Dynasty,Ancient Egyptian,Egypt,"This remarkable artifact is a glazed composition daisy button scaraboid, originating from the 26th Dynasty of Ancient Egypt, crafted mainly between 600 BC and 570 BC. Likely mould-made, it is adorned on its back with decorative lines that may have been incised. The underside features a hieroglyphic inscription, expertly arranged to name the deity Amun-Ra, using the ancient Egyptian script. This piece is a testament to the religious and cultural practices of the time, underscoring the veneration of Amun-Ra in Egyptian society. It was discovered in Naukratis, an area known for its significant archaeological finds, providing valuable insight into the trade and interactions in the region during the Late Period of Egypt.",-600.0,-570.0,True,success,Naukratis,Egypt,success
21,3300,600 BC - 570 BC (mainly),Excavated/Findspot: Naukratis,glazed composition,mould-made (probably),Inscription type: inscription Inscription position: Underside Inscription language: Egyptian Inscription script: hieroglyphic Inscription transliteration: jmn-ra (?) Inscription translation: Amun-Ra (?) Inscription note: Likely meant as a cryptic way to write Amun-Ra.,,Named in inscription: Amun-Ra (likely),26th Dynasty,Ancient Egyptian,Egypt,"This scaraboid, dating from the 26th Dynasty of Egypt (circa 600-570 BC), is a refined artifact crafted from glazed composition, likely through mould-making techniques. The piece exhibits a slightly domed back with plain, straight sides, and its underside bears a crude yet intriguing hieroglyphic inscription. Comprising a Maat feather on the right and a sun-disc marking the left, framing a men-draughtboard sign, the inscription is thought to cryptically reference the god Amun-Ra. This piece, associated with the period's religious and cultural symbolism, was excavated at Naukratis, an ancient trade hub and melting pot of cultural interchange in Egypt. The cryptic inscription encapsulates the enigmatic artistry typical of this era, offering a glimpse into the spiritual and symbolic lexicon of the time.",-600.0,-570.0,True,success,Naukratis,Egypt,success
22,3304,600 BC - 570 BC (mainly),Excavated/Findspot: Naukratis,glazed composition,mould-made; glazed; incised (possibly); pierced; stamped (?),"Inscription type: inscription Inscription position: underside Inscription language: Egyptian Inscription script: hieroglyphic Inscription note: The cross-shaped symbol between two discs could be interpreted as a debased version of wah-ib-Ra, the Horus name of Psamtek I, or nomen of Apries (Gorton 1996, 93).",bird,Representation of: Apries (?);  Named in inscription: Psamtek I (?),26th Dynasty,Ancient Egyptian,Egypt,"This artifact is a mould-made scaraboid, likely from the 26th Dynasty of Ancient Egypt, dated between 600 BC and 570 BC. Crafted from a glazed composition, the scaraboid's surface is noticeably eroded, with some remnants of a pale yellow glaze and a yellowish-white paste base. Its back appears very rubbed, potentially taking the form of a cowroid, and is pierced lengthwise. The underside is crudely decorated with a motif featuring a falcon holding a flail to the right and half a cartouche with three debased hieroglyphic signs to the left, possibly incised rather than stamped. A vertical line separates the inscription from the falcon. This inscription, written in hieroglyphics, includes a cross-shaped symbol between two discs which could be interpreted as a debased version of the Horus name of Psamtek I, or the nomen of Apries, reflecting potential royal associations. This intriguing piece was excavated from Naukratis, shedding light on both its artistry and historical significance.",-600.0,-570.0,True,success,Naukratis,Egypt,success
23,3306,600 BC - 570 BC (mainly),Excavated/Findspot: Naukratis,glazed composition,cut; incised,"Inscription type: inscription Inscription position: underside Inscription language: Egyptian Inscription script: hieroglyphic Inscription transliteration: šw sʒ rʿ (?)		 
jmn rʿ (?)
jmn (?) Inscription translation: Shu, son of Ra (?)
Amun-Ra (?)
Amun (?)",bird,Named in inscription: Amun-Ra (?);  Named in inscription: Shu (?);  Named in inscription: Amun (?),26th Dynasty,Ancient Egyptian,Egypt,"This scaraboid from the 26th Dynasty of Ancient Egypt, produced circa 600-570 BC, is a fascinating artifact crafted from glazed composition. The artifact is uniquely designed with the back in the form of a Black African head, featuring hair represented by squares and crudely cut facial features. Its underside is inscribed with incised hieroglyphs arranged horizontally, depicting symbols such as the Maat feather, a walking goose or duck, and a sun-disc. The object is created in black paste, with glaze absent due to either loss or lack of application, resulting in a quite eroded surface. The inscription, rendered in Egyptian hieroglyphs, intriguingly references deities such as Shu, son of Ra, and Amun-Ra, as well as Amun, highlighting its possible symbolic significance. This object was excavated in Naukratis, offering insights into the mélange of cultural influences in Ancient Egypt and the interplay of art and religion within the society.",-600.0,-570.0,True,success,Naukratis,Egypt,success
24,3309,600 BC - 570 BC (mainly),Excavated/Findspot: Scarab Factory (according to museum register),glazed composition,mould-made; incised (?); glazed; pierced; stamped (?),"Inscription type: inscription Inscription position: Underside Inscription language: Egyptian Inscription script: hieroglyphic Inscription transliteration: jmn-ra (?) Inscription translation: Amun-Ra (?) Inscription note: Very worn and debased inscription, so lecture is very hypothetical.",,Named in inscription: Amun-Ra (?),Late Period,Ancient Egyptian,Egypt,"This Late Period Egyptian artifact, dating primarily from 600 to 570 BC, is a mould-made, disc-shaped scaraboid crafted from a glazed composition. Its form is more flat than domed, featuring a plain back with straight sides, and a flat underside that reveals very worn and damaged decoration, suggesting a debased inscription that is difficult to discern. This worn inscription is likely in hieroglyphic script, tentatively referencing Amun-Ra. The artifact exhibits traces of a white to light green glaze with a yellow core and has suffered significant wear and chipping over time. A hole, slightly off-center, pierces the scaraboid's diameter, hinting at its possible use as an ornamental bead or amulet. The object was excavated from the site known as the Scarab Factory, in Egypt, as recorded in the museum register, providing a glimpse into the small-scale production of such items during this era.",-600.0,-570.0,True,success,Scarab Factory,Egypt,success
25,3463,945BC-720BC,Found/Acquired: Egypt,glazed composition,glazed,Inscription type: inscription Inscription position: front Inscription script: hieroglyphic,,Named in inscription: Tentast,Third Intermediate,Ancient Egyptian,Egypt,"This exquisite shabti figure, originating from ancient Egypt during the Third Intermediate Period (945-720 BC), is crafted from a faded green glazed composition. It features intricate black detailing that has since turned purple. The artifact depicts Tentast, as identified by the hieroglyphic inscription on the front. The figure is adorned with a lappet-wig secured by a fillet, a modelled face, and crossed arms that hold two hoes, symbolizing its function in accompanying the deceased into the afterlife to perform agricultural labor. A seed-basket is prominently displayed on the back, further reinforcing its purpose. This artifact was found in Egypt, a testament to the rich funerary traditions and artistic prowess of the period.",-945.0,-720.0,True,success,Egypt,Egypt,success
26,3523,525BC-343BC,Found/Acquired: Egypt,glazed composition,glazed; incised,Inscription type: inscription Inscription position: front of legs Inscription script: hieroglyphic Inscription note: Incised.; Inscription type: inscription Inscription position: back-pillar Inscription script: hieroglyphic Inscription note: Incised.,,Named in inscription: Ptahshepses,Late Period,Ancient Egyptian,Egypt,"This Late Period Egyptian shabti, dating from 525 to 343 BCE, is crafted from blue glazed composition, showcasing the distinctive features of ancient funerary figurines. The artifact is adorned with a lappet-wig and a modelled face sporting a beard. Its hands, depicted in relief, are crossed over the chest, gripping an adze, a hoe, and the string of a seed-basket elegantly draped over the shoulder. The shabti's front leg section and back-pillar are inscribed with precise incised hieroglyphs, authenticating its dedication to Ptahshepses, born of Nubiyti. A plinth beneath the feet serves as a base, grounding the artifact physically and symbolically in its cultural and religious significance. This funerary figure was found in Egypt, providing valuable insights into the burial customs and artistic expressions during Egypt's Late Period.",-525.0,-343.0,True,success,Egypt,Egypt,success
27,7621,1185-1333 (?),Found/Acquired: Seto-shi,stoneware,incised; glazed,Inscription type: owner's mark Inscription position: interior Inscription quoted: NEKKO HORA Inscription note: recutagular sticker with red frame,,,Kamakura Period,Japanese,Japan,"This fragmentary artifact is a sherd from the neck of a bottle, dating back to the Kamakura Period (1185-1333) in Japan. Fashioned from green-glazed stoneware, the piece exhibits incised detailing, a technique reflecting the sophisticated ceramic practices of its era. It carries an owner's mark inscribed on a rectangular sticker with a red frame, reading ""NEKKO HORA,"" positioned on the interior. This artifact was found in Seto-shi, a locality renowned for its historical significance in Japanese ceramic production. The sherd offers a glimpse into the artistry and material culture of the Kamakura Period, encapsulating the traditional craftsmanship of the time.",1185.0,1333.0,True,success,Seto-shi,Japan,success
28,7695,600 (ca.),Found/Acquired: Akasaka-cho (near),stoneware,ash-glazed; pierced; incised,Inscription type: inscription Inscription language: English Inscription quoted: Mino near Kiyomizu 3 ri from Akasaka,,,Late Kofun,Japanese,Japan,"This Late Kofun period pedestal long-necked jar, dating to around 600 CE, is a striking example of Japanese stoneware craftsmanship. Constructed from high-fired stoneware, it features a natural ash glaze that imparts a durable, aesthetically pleasing surface. The jar's globular body is designed with a flattened shoulder, resting on a pedestal which flares towards the foot, and it possesses a neck that also expands towards the mouth. Artistic embellishments include incised grooves that accentuate the pedestal, body, and neck, with the pedestal itself exhibiting three long vertical perforations, adding to its visual intrigue. An English inscription references ""Mino near Kiyomizu 3 ri from Akasaka."" This artifact was discovered near Akasaka-cho, situating it geographically within Japan and providing insight into the region's ceramic traditions during this era.",600.0,600.0,False,success,Akasaka-cho,Japan,success
29,7717,250-600 (?),Found/Acquired: Yamato (historic - kuni),stone,carved,,horse/ass,,Kofun Period,Japanese,Japan,"This carved stone equine figure, originating from Japan's Kofun Period, dates back to approximately 250-600 CE. The sculpture, representing a horse or ass, is intricately carved, reflecting the skill and artistry associated with this era in Japanese history. The Kofun Period is marked by its distinctive burial mounds and funerary art, of which this figure is a fine example. Discovered in the historic region of Yamato, this artifact highlights the cultural and symbolic significance of equines in Japanese society during this time, often associated with status and spiritual beliefs.",250.0,600.0,True,success,Yamato,Japan,success
30,7843,250-600,Found/Acquired: Shibayama dolmen,bronze; gold,gilded,,,,Kofun Period,Japanese,Japan,"This fragment of a harness pendant dates from the Kofun Period, specifically between 250-600 CE, and was discovered at the Shibayama dolmen in Japan. Crafted from gilt bronze, this pendant originally embodied an elegant design featuring oval and lozenge shapes, of which only a section of the oval remains today. The use of gilding indicates the luxurious craftsmanship typical of the era, reflecting the sophistication and artistry present in Japanese metalwork during this time. The pendant's origin from a dolmen—a megalithic tomb structure—suggests its role in burial practices, potentially symbolizing status or serving as a ceremonial object. This artifact offers insights into the material culture and mortuary customs of the ancient Kofun society.",250.0,600.0,True,success,Shibayama dolmen,Japan,success
31,7857,600-650,Found/Acquired: Kinshozan,stoneware,ash-glazed,Inscription type: inscription Inscription language: English Inscription quoted: near Akasaka (Mino)  Kinshozan. 3/10/86,,,Late Kofun,Japanese,Japan,"This vessel, crafted for serving rice wine, dates back to the Late Kofun period between 600-650 CE. Originating from Japan, the vessel is fashioned from high-fired stoneware, coated with a natural ash glaze that imparts a distinctive finish. Its design features a small, globular body with a round base and a pronounced shoulder, culminating in a long neck that flares into a wide mouth. Incised grooves accentuate both the neck and body, enhancing its aesthetic appeal. A small central hole adds to its unique form. An inscription in English notes ""near Akasaka (Mino) Kinshozan. 3/10/86,"" providing locational and potentially historical context. This artifact was found or acquired at Kinshozan, linking it to the rich cultural tapestry of the region.",600.0,650.0,True,success,Kinshozan,Japan,success
32,7912,650-700,Found/Acquired: Yasui rock tomb,stoneware,tataki,,,,Late Kofun,Japanese,Japan,"This exquisite jar from the Late Kofun period, crafted between 650-700 CE, epitomizes the high-fired stoneware artistry of ancient Japan. Featuring a globular body with a rounded base and a short neck that elegantly flares towards the mouth, the jar is accented by circular handles affixed to each shoulder. The exterior showcases distinctive tataki matted paddle marks, a testament to the period's ceramic techniques, while the interior bears the hallmark round anvil marks. Shellfish fragments adhere to its surface, hinting at its historical and geographical journey. This artifact was discovered in the Yasui rock tomb in Japan, providing valuable insight into the burial practices and material culture of the era.",650.0,700.0,True,success,Yasui rock tomb,Japan,success
33,7946,500 (circa),Found/Acquired: Shibayama dolmen,copper; silver,silvered; incised,,,,Late Kofun,Japanese,Japan,"This Late Kofun period kodogu, dating approximately to the year 500 CE, is a meticulously crafted sword fitting notable for its use of silvered and incised copper. This artifact, representative of Japanese material culture, exemplifies the technical sophistication of the era with its intricate silvering and engraving techniques. Discovered at the Shibayama dolmen, it is a testament to the ceremonial and practical applications of sword fittings in the Kofun period, reflecting the culture’s emphasis on craftsmanship in its weaponry and associated paraphernalia.",500.0,500.0,False,success,Shibayama dolmen,Japan,success
34,7958,650-700,Found/Acquired: Akasaka-cho (near),stoneware,ash-glazed,"Inscription type: inscription Inscription language: English Inscription quoted: Akasaka, Mino dolmens on hills behind town",,,Late Kofun,Japanese,Japan,"This Late Kofun period tsubofuta, crafted between 650-700 CE, serves as the lid of a jar and exemplifies the refined ceramics of ancient Japan. Made from high-fired stoneware, it features a coiled knob placed centrally and is adorned with a natural ash glaze, a technique indicative of the time that enhances its aesthetic and functional qualities. The lid bears an English inscription referencing ""Akasaka, Mino dolmens on hills behind town,"" suggesting a cultural or geographical connection possibly related to its findspot. Discovered near Akasaka-cho, this piece reflects the enduring legacy of the Late Kofun culture in Japan, particularly in ceramic traditions.",650.0,700.0,True,success,Akasaka-cho,Japan,success
35,8058,650-700,Found/Acquired: Misaoyama Dolmen,stoneware,ash-glazed; pierced,"Inscription type: inscription Inscription position: label on foot Inscription language: English Inscription quoted: Misaoyama, Bizen from dolmens. From CSuicho. Inscription note: Handwritten.",,,Late Kofun,Japanese,Japan,"This Late Kofun pedestal vessel, dating from 650-700 CE, serves as a remarkable example of Japanese stoneware used for serving rice wine, known as daitsuki hasou. Crafted from high-fired stoneware, it features a natural ash glaze that highlights its aesthetic appeal. The vessel boasts a globular body, with a round perforation on one side designed for a bamboo spout, and has a distinctive long neck that broadens into a wide mouth accented by a ridge below the rim. It is supported by a short pedestal that expands towards the foot. A handwritten English inscription is found on a label on the foot, which reads ""Misaoyama, Bizen from dolmens. From CSuicho,"" indicating its provenance. This artifact was found at the Misaoyama Dolmen in Japan, offering insights into the funerary practices and material culture of the Late Kofun period.",650.0,700.0,True,success,Misaoyama Dolmen,Japan,success
36,8062,550-600,Found/Acquired: Hattorigawa,stoneware,ash-glazed; tataki,"Inscription type: inscription Inscription language: English Inscription quoted: 1886/2/13 Hattorigawa (Kawachi), Febr. 13/86",,,Late Kofun,Japanese,Japan,"This Late Kofun period pedestal jar, known as a daitsuki yuugai tsubo, was crafted between 550-600 CE in Japan. Made of high-fired stoneware, this jar exhibits a natural ash glaze, giving it a distinctive finish. Its globular body features a neck that widens towards the mouth with an inclined rim designed to secure a lid, while the pedestal base expands towards a fragmented foot. The exterior displays tataki matted paddle marks, with corresponding anvil marks visible on the inside. An English inscription notes ""1886/2/13 Hattorigawa (Kawachi), Febr. 13/86,"" marking its findspot at Hattorigawa. This piece exemplifies the utilitarian and artistic craftsmanship characteristic of the Late Kofun period.",550.0,600.0,True,success,Hattorigawa,Japan,success
37,8097,450-500 (circa),Found/Acquired: Shibayama dolmen,bronze; gold,gilded,,,,Middle Kofun,Japanese,Japan,"This quiver fitting, originating from the Middle Kofun period in Japan and dated circa 450-500 CE, exemplifies the sophisticated craftsmanship of the era through its use of gilt bronze. The fitting, a component of a quiver, was skillfully gilded, showcasing the amalgamation of bronze and gold, which underscores the aesthetic and functional priorities of this historical period. It was discovered at the Shibayama dolmen, a significant archaeological findspot that offers insights into the burial practices and martial culture of ancient Japan. This artifact reflects the intricate metallurgical techniques and the cultural significance tied to the martial elite of the Kofun period.",450.0,500.0,True,success,Shibayama dolmen,Japan,success
38,8458,480BC-460BC,Excavated/Findspot: Vulci,pottery,painted,,classical deity; classical mythology; mythical figure/creature,Representation of: Theseus;  Representation of: Aithra;  Representation of: Pittheus;  Representation of: Nike/Victoria/Victory;  Representation of: Aegeus,Attic,Greek,Greece,"This Attic red-figured amphora, dating from 480-460 BC, vividly depicts scenes from classical mythology, crafted with fine technique and traces of archaism. The obverse side illustrates ""The Recognition of Theseus,"" where the youthful hero, presented beardless and adorned with a short undertied chiton, is grasped by Aegeus, an elderly man with white hair and a beard, who extends a rolled band. Aithra stands between them, elegantly dressed and touching Theseus' chin, while behind him is Pittheus, holding a trident, his figure expertly rendered but partially obscured by the design's border. The reverse side showcases a face-off between a similarly attired youth and Nike, who offers a phiale with grace and precision. The amphora exhibits refined details such as purple fillets and brown hair delineations, with the design encased within panels featuring key, lotus, and net patterns, enriched by a band of black rays around its body. Discovered in Vulci, this pottery piece not only embodies the rich artistic traditions of ancient Greece but also resonates with the enduring narratives of figures like Theseus, Aithra, Pittheus, Nike, and Aegeus.",-480.0,-460.0,True,success,Vulci,Italy,success
39,8127,450-500 (circa),Found/Acquired: Shibayama dolmen,bronze; gold,gilded,,,,Middle Kofun,Japanese,Japan,"This quiver fitting, dating approximately from 450-500 CE, originates from the Middle Kofun period in Japan. The artifact is crafted from bronze and features a gilded surface, showcasing the sophisticated metalworking techniques of the era. Its discovery in the Shibayama dolmen highlights its cultural significance, as quiver fittings were often associated with the burial practices and status of individuals during the Kofun period. This piece serves as a testament to the artistry and ceremonial customs of ancient Japanese society.",450.0,500.0,True,success,Shibayama dolmen,Japan,success
40,8462,510BC-500BC (circa),Excavated/Findspot: Vulci (said to be from),pottery,painted; incised,"Inscription type: merchant's mark Inscription position: under foot Inscription script: Greek Inscription note: lambda-eta ligature, twice, deltoid mark and 'tick'",classical deity; classical mythology,Representation of: Herakles/Hercules;  Representation of: Antaios;  Representation of: Athena/Minerva;  Representation of: Hermes/Mercury,Attic; Archaic Greek,Greek,Greece,"This Attic black-figured amphora, dating from circa 510-500 BCE, exemplifies the artistry of Archaic Greek pottery. The amphora, crafted from pottery and skillfully painted and incised, vividly portrays a mythological narrative. Side (a) depicts Heracles wrestling Antaios, a dynamic scene where Heracles, nude and bearded, grapples with Antaios, who is also nude and bearded, his hand touching the earth. Above Heracles, a lion's skin, bow, quiver, and sword are suspended, signifying his legendary strength. Athena, adorned in a long embroidered chiton and aegis, stands to the left holding a spear and helmet, symbolizing divine intervention. Hermes appears on the right, bearded and dressed in a chiton and chlamys, pointing with his caduceus. An imitation inscription is inscribed above this scene. Side (b) illustrates the departure of a warrior in a quadriga, front-facing with a charioteer, a warrior, and accompanying animal motifs—a dog leaping and a bird descending. A merchant's mark under the foot features a lambda-eta ligature and deltoid mark, indicating its commercial use. Excavated from Vulci, this artifact encapsulates the intersection of myth and daily life in Greek culture, depicting figures such as Heracles, Antaios, Athena, and Hermes in classical mythology.",-510.0,-500.0,True,success,Vulci,Italy,success
41,8148,700-750,Found/Acquired: Akasaka-cho (near),stoneware,ash-glazed,"Inscription type: inscription Inscription language: English Inscription quoted: Akasaka, dolmen near",,,Late Kofun,Japanese,Japan,"This Late Kofun period sagebe, a hanging jar dating from 700-750 CE, exemplifies the high-fired stoneware craftsmanship of Japan. The jar features a circular body with one side flattened and the other spherical, lending a distinctive and intriguing form. It is adorned with a natural ash glaze, indicative of traditional Japanese glazing techniques. The short neck flares into a wide mouth, and the addition of round knobs on the shoulder serves as stylized jug handles. An inscription in English mentions ""Akasaka, dolmen near,"" providing context to its provenance or possible site of acquisition. Discovered near Akasaka-cho, this artifact offers a glimpse into the utilitarian and artistic expressions of Late Kofun Japan, reflecting the era's sophisticated ceramic traditions.",700.0,750.0,True,success,Akasaka-cho,Japan,success
42,8491,470BC-400BC,Excavated/Findspot: Marion-Arsinoe (historic),pottery,painted; wheel-made; incised,,satyr; mammal,,Attic,Greek,Greece,"This Attic red-figure askos, dating from 470-400 BCE, exemplifies the intricate pottery techniques of ancient Greece. Wheel-made from fine buff clay, the askos features a flat body with splaying sides and a convex top, a prominent spout with an everted rim, and a basket handle. The surface, adorned in the red-figure technique on the shoulder, bears a patina of historical wear with certain portions of the black gloss now worn. On one side, a charming depiction of a beardless satyr on all fours with a bald crown is crafted facing the spout, while the opposite side showcases a bull with schematic detail and pronounced hooves, both figures directed toward the spout. Notably, the underside is marked with a single incised Cypriot syllabic character, offering a glimpse into cross-cultural influences. The artifact was unearthed at Marion-Arsinoe, underscoring its historical provenance within the realm of Greek antiquity.",-470.0,-400.0,True,success,Marion-Arsinoe,Cyprus,success
43,8152,490-510,Excavated/Findspot: Toyonaka-shi (Taikozuka dolmens at Sakuraidani),stoneware,tataki,,,,Late Kofun,Japanese,Japan,"This artifact is a Late Kofun period sarcophagus dating from 490-510 CE, meticulously crafted from reddish stoneware. The sarcophagus exhibits a plain rectangular form with a distinctive roof-shaped cover, featuring two circular holes at the ends, each fitted with stoppers. It is supported by eighteen cylindrical feet, with six small holes pierced on each side, suggesting functional or symbolic significance. The interior displays tataki markings, a technique notable in Japanese pottery of the time. Unearthed from the Taikozuka dolmens at Sakuraidani in Toyonaka-shi, Japan, this sarcophagus provides valuable insights into the funerary practices and material culture of the Late Kofun period, reflecting the era's craftsmanship and ritualistic customs.",490.0,510.0,True,success,Toyonaka-shi,Japan,success
44,8507,550BC-525BC (circa),Excavated/Findspot: Sanctuary of Apollo (Naukratis),pottery,painted; incised,,mammal; siren,,Attic; Archaic Greek,Greek,Greece,"This artifact is a body sherd from an Attic black-figured pottery band-cup, dating approximately to 550-525 BCE, during the Archaic period of Greek history. Expertly crafted through painting and incision techniques, the sherd is composed of pottery material. The interior is glazed black, while the exterior showcases a striking black-figure decorative frieze. The imagery features a siren with outspread wings in a rightward stance, confronting a deer. Notably, one wing and the lower body of the siren are missing, but traces of added red remain on the wing and body. The deer’s representation is preserved with its head, neck highlighted with red, and one foreleg still visible. This piece was excavated from the Sanctuary of Apollo at Naukratis, a site of significant religious and cultural activity in ancient Greece, offering a glimpse into the artistic and symbolic motifs of the Attic civilization.",-550.0,-525.0,True,success,Sanctuary of Apollo,Greece,success
45,8662,570BC-560BC (circa),Excavated/Findspot: Sanctuary of Aphrodite (Naukratis) (according to Ashmolean Museum register),pottery,slipped; painted,,sphinx,,East Greek; Archaic Greek,Greek,Greece,"This East Greek, Archaic Greek chalice fragment, dating approximately from 570-560 BCE, showcases the Chian Simple Animal Style, indicative of the period's artistic conventions. Composed of pottery with a cream slip, the rim and body sherds have been mended from two distinct fragments. The interior of the chalice features a reserved band at the rim with a glazed streaky black area below, adorned with a lotus flower outlined in added white and a red center, complemented by two white bands. The exterior displays a narrow black band atop the rim, a decorative pattern of short diagonal strokes between pairs of dilute bands, and a painted sphinx, with remnants of a red-haired head and curlicue directed to the left. This artifact was excavated at the Sanctuary of Aphrodite in Naukratis, a site recorded by the Ashmolean Museum register, offering invaluable insights into the cultural and religious contexts of Archaic Greece.",-570.0,-560.0,True,success,Sanctuary of Aphrodite,Cyprus,success
46,8193,500 (circa),Found/Acquired: Shibayama dolmen,copper; silver,silvered; incised,,,,Late Kofun,Japanese,Japan,"This Kodogu, originating from the Late Kofun period around the 6th century CE, is a sword binding crafted from copper and elegantly enhanced with silvering and intricate incisions. Reflective of the period's metallurgical and artistic skills, this artifact exemplifies the craftsmanship involved in adorning functional objects with aesthetic considerations during this era. It was uncovered at the Shibayama dolmen in Japan, a locale known for its historical burial sites associated with the Kofun culture, further emphasizing its archaeological significance within the context of ancient Japanese martial accouterments.",500.0,500.0,False,success,Shibayama dolmen,Japan,success
47,8771,570BC-560BC (circa),Excavated/Findspot: Naukratis,pottery,slipped; painted,,sphinx (possibly),,East Greek; Archaic Greek,Greek,Greece,"This rim sherd is a fragment of a Chian Simple Animal Style pottery chalice, originating from the East Greek, Archaic Greek culture, and is dated circa 570-560 BCE. Crafted from pottery, the sherd features a white slip with intricate decorations on both its interior and exterior. The interior is adorned with a reserved band at the rim and a glazed section below, fired to a red hue. The exterior is marked by a band of dots between dilute lines at the rim, with a painted decoration beneath, potentially depicting a sphinx, as suggested by the remaining strands of hair to the left. Slipped and painted techniques were employed in its creation, showcasing the artistic motifs prevalent during the period. This artifact was unearthed at Naukratis, contributing valuable knowledge to the understanding of cross-cultural interactions in ancient Greece.",-570.0,-560.0,True,success,Naukratis,Egypt,success
48,8213,650-700,Found/Acquired: Akasaka-cho (Tsukimi-yama),stoneware,ash-glazed,Inscription type: inscription Inscription position: paper slip attached to pedestal Inscription language: Japanese Inscription quoted: 発掘人赤坂村堤庄八　同村　　　同村松尾淺吉売買人赤坂村清水甚吉」　不破郡赤坂村　々有他　家月見山第四墳台付皿壱固　再度買取人　久瀬村　長岡善蔵　高三寸」; Inscription type: inscription Inscription quoted: Akasaka Mino Tsukimi-yama,,,Late Kofun,Japanese,Japan,"This Late Kofun period pedestal bowl, dating from 650-700 CE, exemplifies the artistry of high-fired stoneware with a natural ash glaze. Known as a takatsuki, the artifact features a shallow bowl with sides that expand gracefully towards the rim, resting atop a slender pedestal that broadens into a foot with a slightly raised edge. Accompanying the bowl is a paper slip inscribed in Japanese, linking it to individuals and locations associated with its excavation and provenance, including references to ""赤坂村"" (Akasaka village) and ""月見山"" (Tsukimi-yama). This piece was found in Akasaka-cho (Tsukimi-yama), offering valuable insights into the cultural and ceremonial practices of the Late Kofun period in Japan.",650.0,700.0,True,success,Akasaka-cho,Japan,success
49,8809,420BC (circa),Excavated/Findspot: Fikellura grave 179,pottery,painted,,satyr,,Attic,Greek,Greece,"This Attic red-figured chous, dating to approximately 420 BCE, is a masterful representation of Greek pottery, crafted from painted ceramic. The scene depicts two youthful but bearded satyrs engaging in playful antics. Central to the imagery are two jugs on the ground; a bearded satyr on the right holds a purple wreath aloft, while another approaches from the left, crouched with one hand resting on his knee and the other outreaching towards the jugs. The satyrs, bald on the crown and adorned with white ivy wreaths, are depicted with beardless yet youthful visages. This piece exemplifies a graceful miniature style, with eyes rendered in profile and the panel encapsulated by egg moulding above and below, and bordered on each side by herringbone patterns. This exquisite artifact was uncovered at Fikellura grave 179, offering valuable insights into the artistic and cultural conventions of ancient Greece.",-420.0,-420.0,False,success,Fikellura grave 179,Greece,success
50,8222,750-800,Found/Acquired: Hattorigawa,stoneware,incised,"Inscription type: inscription Inscription quoted: Hattorigawa Kawachi, 13/2/86",,,Late Kofun,Japanese,Japan,"This late Kofun period stoneware artifact, produced between 750-800 CE, is a lid of a Takatsuki, or pedestal bowl, showcasing the refined craftsmanship of ancient Japan. Fashioned from dark grey high-fired stoneware, the lid features a prominent knob and intricate decorative incisions, including two concentric grooves encircling it, with a band of oblique strokes artfully nestled between them. An inscription, reading ""Hattorigawa Kawachi, 13/2/86,"" is present, potentially indicating the site of discovery or other contextual details. Unearthed at Hattorigawa in Japan, this relic provides valuable insight into the artisanal techniques and cultural expressions of the Late Kofun period, enriching our understanding of Japan's historical and artistic heritage.",750.0,800.0,True,success,Hattorigawa,Japan,success
51,8230,600-630,Found/Acquired: Ryoseki (Sasawara dolmen),stoneware,ash-glazed; pierced,Inscription type: inscription Inscription language: English Inscription quoted: Riyosekimura (Tosa) from Dr.Naumann,,,Late Kofun,Japanese,Japan,"This artifact is a Takatsuki, a pedestal bowl segment from the Late Kofun period, dated 600-630 CE and originating from Japan. The piece, made of high-fired stoneware, features the foot section of the pedestal bowl with a fragment of the bowl's base still attached. It is distinguished by a natural ash glaze, a technique that involves allowing the ash from wood-fired kilns to settle and create a glassy surface. The pedestal itself expands towards the foot, with a vertically arranged pair of perforations on each side, indicative of the period's pottery design aesthetics. An inscription in English credits Dr. Naumann and mentions ""Riyosekimura (Tosa),"" possibly providing a clue to the item's historical study or discovery. This remarkable piece was found at the Ryoseki dolmen in Sasawara, offering valuable insights into the practices and artistry of Kofun-era ceramicists.",600.0,630.0,True,success,Ryoseki,Japan,success
52,8246,794-795,Found/Acquired: Nijo-jo,stoneware,glazed,,,,Heian Period,Japanese,Japan,"This collection of five roof-tile fragments, crafted in green glazed stoneware, hails from the illustrious Daigokuden and dates back to 794-795 CE, during Japan's Heian Period. As architectural remnants, these tiles provide a tangible link to the opulent structures of their time, reflecting the sophisticated tile production techniques employed for imperial buildings. Glazed to a rich green hue, these fragments contribute valuable insights into the aesthetic and functional considerations of early Japanese architecture. Unearthed at Nijo-jo, they offer a glimpse into the material culture and architectural advancements of Japan's capital cities in the late 8th century.",794.0,795.0,True,success,Nijo-jo,Japan,success
53,8273,650-700,Found/Acquired: Akasaka-cho,stoneware,ash-glazed,"Inscription type: inscription Inscription language: English Inscription quoted: Akasaka, dolmens. Hills behind town. Prov. Mino",,,Late Kofun,Japanese,Japan,"This Late Kofun period tsuki, dating from 650-700 CE, is a shallow dish crafted from high-fired stoneware and characterized by a natural ash glaze. It features a flat base and steep sides, reflecting the ceramic techniques and aesthetic preferences of the era in Japan. An inscription, rendered in English, refers to ""Akasaka, dolmens. Hills behind town. Prov. Mino,"" providing context and hinting at the geographical significance and possible location of discovery. This intriguing artifact was found in Akasaka-cho, Japan, offering insights into the material culture and everyday objects of the Late Kofun period.",650.0,700.0,True,success,Akasaka-cho,Japan,success
54,8280,250-600,Found/Acquired: Omi-Hachiman,stoneware; lacquer,lacquered,,,,Kofun Period,Japanese,Japan,"This exquisite tsuki, or dish, hailing from the Kofun Period of Japan, was crafted between 250-600 CE. Fashioned from high-fired stoneware, the dish presents as a shallow bowl with sides gracefully expanding towards the upper rim, embodying the elegant simplicity of early Japanese ceramics. Noteworthy is its repair using the traditional kintsugi technique, where gold lacquer is used to mend the dish, celebrating rather than concealing its imperfections. This method not only restores utility but also enhances its aesthetic, illustrating the Japanese philosophy of finding beauty in imperfection. The dish was discovered in Omi-Hachiman, offering a glimpse into the material culture and artistic practices that flourished during this period in Japan.",250.0,600.0,True,success,Omi-Hachiman,Japan,success
55,8289,250-600,Found/Acquired: Misaoyama Dolmen (13 Oct 1885),stoneware,tataki,Inscription type: inscription Inscription position: label Inscription language: English Inscription quoted: Misaoyama Okayama near cist. 13/10/85 Inscription note: Handwritten.,,,Kofun Period,Japanese,Japan,"This vessel shard from the Kofun Period, dating between 250-600 CE, is a remarkable artifact of early Japanese stoneware craftsmanship. It is a rectangular piece displaying characteristic tataki paddle marks on its surface, a traditional technique that provided both aesthetic and functional value to ceramic wares of the time. The sherd carries a handwritten English inscription on a label, reading ""Misaoyama Okayama near cist. 13/10/85,"" providing crucial contextual information about its findspot. This piece was discovered at the Misaoyama Dolmen on October 13, 1885, offering important insights into the burial practices and material culture of ancient Japan.",250.0,600.0,True,success,Misaoyama Dolmen,Japan,success
56,8293,250-600,Found/Acquired: Domyoji,stoneware,ash-glazed,Inscription type: inscription Inscription position: label Inscription language: English Inscription quoted: Domioji yama near No. 11 Kokubu 3/4/87 Inscription note: Handwritten.,,,Kofun Period,Japanese,Japan,"This collection comprises six sherds of high-fired stoneware vessels, originating from the Kofun Period, produced between 250-600 CE in Japan. Some of these fragments exhibit a distinctive ash glaze, indicative of the advanced ceramic techniques of the era. An inscription, written in English and positioned on a label, details the provenance with the note ""Domioji yama near No. 11 Kokubu 3/4/87,"" suggesting a modern documentation for cataloging purposes. These sherds were discovered at Domyoji, offering a glimpse into the utilitarian and artistic practices of ancient Japanese culture during this formative historical period.",250.0,600.0,True,success,Domyoji,Japan,success
57,8833,575BC-550BC (circa),Excavated/Findspot: Naukratis,pottery,painted; incised,,siren (possibly); bird (possibly),,Attic; Archaic Greek,Greek,Greece,"This artifact is a handle plate from an Attic black-figured pottery column-krater, dating circa 575-550 BC, representative of the Archaic Greek period. The plate, made from pottery, exhibits a glazed streaky black underside and features a stepped zigzag pattern along its outer edges. The top of the handle plate showcases a black-figure decoration depicting a bird or possibly a siren facing left, though the head is missing, adorned with added red detailing on the chest, wing, and tail. The application of painting and incision techniques reflects the distinctive artistic practices of the time. This piece was excavated in Naukratis, an important cultural and trading center of ancient Greece, offering insights into the interplay of Greek art and commerce.",-575.0,-550.0,True,success,Naukratis,Egypt,success
58,8308,250-600,Found/Acquired: Kamatari Ko (?),stoneware,ash-glazed,Inscription type: mark Inscription position: on some of the sherds Inscription language: English Inscription quoted: Kamatari ko Inscription note: Handwritten. Red.,,,Late Kofun,Japanese,Japan,"This collection comprises nine sherds of Late Kofun period vessels, crafted from high-fired stoneware and dating from 250-600 CE. Originating from Japan, some of these ceramic fragments feature an ash glaze, a technique indicative of the era's pottery craftsmanship. Handwritten inscriptions in English, reading ""Kamatari ko,"" appear on some of the sherds, marked in red. The sherds were found or acquired at a location presumably identified as Kamatari Ko. These artifacts offer valuable insights into the material culture and technological practices of the Late Kofun period within Japanese history.",250.0,600.0,True,success,Kamatari Ko,Japan,success
59,8907,525BC-475BC,Excavated/Findspot: Naukratis,pottery,painted,"Inscription type: inscription Inscription position: lip Inscription language: Greek Inscription quoted: ]ος:[ Inscription note: Post-firing graffito. Punctuation not fully preserved, presumably three-dot.",classical deity,Named in inscription: Apollo (?),Attic; Archaic Greek,Greek,Greece,"This artifact is a concave lip and wall sherd from an Attic black-glazed pottery cup, classified as type C, dating from 525-475 BC, during the Archaic Greek period. The piece features a sharply offset lip both internally and externally, which is thickened at the rim and entirely covered in a glossy black glaze. An inscription, rendered in Greek as a post-firing graffito, is located on the lip, although it is partially preserved and believed to contain a three-dot punctuation. The inscription tentatively names the classical deity Apollo, suggesting the vessel's potential religious or cultural significance. This pottery fragment was excavated at Naukratis, providing valuable insight into the exchange and influence of Greek culture across regions.",-525.0,-475.0,True,success,Naukratis,Egypt,success
60,8339,250-600,"Excavated/Findspot: Shibayama dolmen (?, sherds marked div. 1)",stoneware; pottery; granite,ash-glazed,"Inscription type: inscription Inscription position: label on one of the sherds Inscription language: English Inscription quoted: Glazed with ash of charcoal. Inscription note: Handwritten.; Inscription type: mark Inscription position: on one of the sherds Inscription language: English Inscription quoted: Div. 1 Inscription note: Handwritten. Black ink.  
The marking suggests that this object was from Div. 1 of Shibayama kofun, but it is not mentioned in Gowland's notes.; Inscription type: mark Inscription position: on outside of sherd Inscription language: English Inscription quoted: W.10 S.M. Inscription note: Handwritten. Black ink. 
Marked with a W to indicate the fragments as position W in Shibayama  kofun.",,,Kofun Period,Japanese,Japan,"This collection of nine sherds, dating from 250-600 CE, originates from the Kofun Period in Japan and contains pieces crafted from stoneware, red pottery, and granite, some featuring an ash glaze technique. Each piece displays varying degrees of craftsmanship indicative of its historical production methods, with particular emphasis on those with ash glazing, as noted on a handwritten label placed on one sherd: ""Glazed with ash of charcoal"". Other inscriptions include marks that indicate their association with Division 1 of the Shibayama kofun, though not mentioned in Gowland's notes, with elements marked with black ink to denote position ""W"". These artifacts were excavated from the Shibayama dolmen, offering insights into the material culture and burial practices of the period. The presence of handwritten English inscriptions indicates a level of post-excavational sorting and analysis, reflecting a meticulous effort to document and study the remnants of Japan's ancient history.",250.0,600.0,True,success,Shibayama dolmen,Japan,success
61,8340,250-600,Found/Acquired: Domyoji,stoneware,tataki; ash-glazed,"Inscription type: inscription Inscription position: label on objects Inscription language: English Inscription quoted: Partially destroyed mound. One of three; 
bro[ken] Mound Domioji; 
Broken down mound. Domioji. Inscription note: Handwritten.",,,Kofun Period,Japanese,Japan,"This collection of five vessel sherds originates from the Kofun Period of Japan, dating between 250-600 CE. Crafted from high-fired stoneware, these fragments display remnants of natural ash glaze and visible tataki paddle and anvil marks, reflecting traditional Japanese ceramic techniques. Handwritten English inscriptions on labels accompany the pieces, detailing their provenance with references to a partially, and at times completely, destroyed mound at Domyoji, the location where they were discovered. These sherds provide a tangible connection to the Kofun era’s cultural practices and ceramic craftsmanship, underscoring the sophisticated aesthetics and functional artistry prevalent during this period in Japan.",250.0,600.0,True,success,Domyoji,Japan,success
62,8357,250-600,Found/Acquired: Tanba (historic - kuni),stoneware,kakime,,,,Kofun Period,Japanese,Japan,"This collection comprises three sherds of stoneware vessels from the Kofun Period, dating between 250-600 CE. One of the sherds is distinctively decorated with an incised kakime wavy pattern, a technique characteristic of the era's ceramic artistry. These fragments, crafted from durable stoneware, provide a glimpse into the sophisticated pottery practices prevalent in Japan during the Kofun Period. Unearthed in the historic region of Tanba, these artifacts offer valuable insights into the material culture and technological advancements in ancient Japan.",250.0,600.0,True,success,Tanba,Japan,success
63,8365,250-600,Found/Acquired: Okamachi (near),stoneware,kakime,Inscription type: inscription Inscription position: underside of sherds Inscription language: English Inscription quoted: near Okamachi (Settsu),,,Kofun Period,Japanese,Japan,"This collection of three stoneware sherds hails from the Kofun Period, dating from 250-600 CE, and was discovered near Okamachi in Japan. The sherds exhibit the distinctive kakime technique, characterized by visible comb marks on the surfaces of sherds a and b, while sherd c originates from a lid with a knob. An inscription, in English, appears on the underside of the sherds, possibly indicating their findspot near Okamachi, Settsu. These fragments offer a glimpse into the ceramic craftsmanship of the Kofun Period, illuminating aspects of material culture during this era in Japan. Their provenance, stemming from the vicinity of Okamachi, contributes to understanding the regional distribution and utility of such stoneware artifacts.",250.0,600.0,True,success,Okamachi,Japan,success
64,8368,250-600,Found/Acquired: Asakura Dolmen,stoneware,tataki,"Inscription type: inscription Inscription position: on biggest sherd Inscription language: English Inscription quoted: Iyo, Asakusa No. 7 Dolmen (outside) 8/10/88 Inscription note: Handwritten.",,,Kofun Period,Japanese,Japan,"These ten stoneware sherds, originating from the Kofun Period and dating between 250-600 CE, were discovered at the Asakura Dolmen in Japan. The fragments feature the distinctive tataki technique, characterized by matted paddle and anvil marks, suggesting their utilitarian use in ancient ceramic practices. The largest sherd bears a handwritten English inscription: ""Iyo, Asakusa No. 7 Dolmen (outside) 8/10/88,"" possibly serving as a later cataloging mark. This collection of sherds provides valuable insight into the craftsmanship and material culture of early Japanese society, particularly the funerary practices associated with the Kofun Period.",250.0,600.0,True,success,Asakura Dolmen,Iraq,success
65,8372,250-600,Found/Acquired: Kamatari Ko (?),stoneware,kakime,Inscription type: mark Inscription position: inside Inscription quoted: KATAMARI KO Inscription note: Handwritten.,,,Kofun Period,Japanese,Japan,"This artifact is a sherd from the rim of a high-fired stoneware vessel, originating from the Kofun Period in Japan and produced between 250-600 CE. The sherd is notable for its kakime technique, featuring incised comb marks that display a refined aesthetic typical of the period's pottery. Inside, a handwritten mark with the inscription ""KATAMARI KO"" provides a clue to its origin or maker, although its exact significance remains uncertain. Found or acquired at Kamatari Ko, this fragment reflects the skilled craftsmanship of early Japanese stoneware, offering a glimpse into the culture and artistic practices of the Kofun Period.",250.0,600.0,True,success,Kamatari Ko,Japan,success
66,8931,550BC-530BC (circa),Excavated/Findspot: Naukratis (possibly),pottery,painted; incised,,bird (possibly); siren (possibly),,Attic; Archaic Greek,Greek,Greece,"This tondo and stem sherd originates from an Attic black-figured pottery vessel, likely a type A cup, crafted during the Archaic Greek period circa 550-530 BCE. The interior decoration features a black-figure depiction of a bird or siren facing right, with distinct characteristics such as the body, outspread wings, one leg, and added red on the wing bands. A series of faded white dots adorns the underbelly, suggesting intricate detailing. The vessel's exterior displays a red fillet joining the bowl and stem, while the stem itself is glazed both inside and out. The underside is reserved with a red band at the top of the stem, accentuating its form. Composed of pottery and showcasing the painted and incised technique characteristic of the Attic style, this fragment offers insight into the artistic traditions of the time. It was possibly excavated at the ancient site of Naukratis, underlining its historical significance within Greek material culture.",-550.0,-530.0,True,success,Naukratis,Egypt,success
67,6036,6000BC-5000BC,Excavated/Findspot: Arpachiyah,steatite,pierced,,cross,,Halaf,Mesopotamian,iraq,"This Halaf cultural artifact, dating from 6000 to 5000 BC, is a black steatite amulet intricately shaped like a Maltese cross. Designed for suspension, it features a pierced section likely intended for stringing or attachment, reflecting the utilitarian and symbolic functions of such objects in ancient Mesopotamian societies. The artifact's cross shape could suggest spiritual or protective significance within the Halaf culture. Discovered during excavations at Arpachiyah in present-day Iraq, this amulet offers a glimpse into the artistry and beliefs of early Neolithic communities in the region.",-6000.0,-5000.0,True,success,Arpachiyah,Iraq,success
68,8938,525BC-500BC (circa),Excavated/Findspot: Naukratis,pottery,painted; incised,,classical deity,,Attic; Archaic Greek,Greek,Greece,"This rim sherd of an Attic black-figured Type A cup, dating from around 525-500 BC, exemplifies the sophisticated artistry of Archaic Greek pottery. Crafted from pottery and employing both painted and incised techniques, this artifact features a striking black-figure exterior decoration, with a double ivy leaf frieze above a depiction of Dionysos, the classical deity. The rim's interior displays a reserved band, with the glaze fired to a reddish hue below. The representation of Dionysos shows his upper body cloaked, holding a horn, and likely extending a vine tendril. The field is further adorned with vine motifs, emphasizing the god's association with wine and revelry. This piece was excavated in Naukratis, a significant Greek trading post in Egypt, highlighting the cultural exchange between Greece and Egypt during this period.",-525.0,-500.0,True,success,Naukratis,Egypt,success
69,6101,2100BC-2000BC,Excavated/Findspot: Ur (historic - city),chlorite,perforated,,mammal,,Third Dynasty of Ur,Mesopotamian,iraq,"This artifact is a green chlorite cylinder seal originating from the Third Dynasty of Ur, dated between 2100-2000 BC. It features a vivid contest scene, depicting two crossed lions engaged in combat with naked heroes. The design is executed in a simple and linear style, with the treatment of the figures' heads echoing the artistic conventions of Early Dynastic III seals. The seal is perforated with a small, straight hole, indicating its use as a means of personal identification or decoration. Despite the passage of time, the upper part of the lion and much of the scene remain visible, though a large chip and signs of erasure are present on one side. This seal was excavated from the historic city of Ur, modern-day Iraq, providing a tangible connection to the legendary cultural and historical landscapes of Mesopotamia.",-2100.0,-2000.0,True,success,Ur,Iraq,success
70,9178,500BC,Excavated/Findspot: Nola,pottery,painted; incised,,classical deity; mythical figure/creature; musician,Representation of: Apollo;  Representation of: Dionysos/Bacchus;  Representation of: Hermes/Mercury;  Representation of: Maenads,Attic; Archaic Greek,Greek,Greece,"This Archaic Greek hydria, dating to 500 BC, is a prime example of Attic pottery, characterized by its black-figure design set against a red panel backdrop, accentuated with purple and white accessories. The artwork features a striking depiction of divine and mythical figures: on the left, Dionysos is portrayed moving rightward, adorned with long hair, a beard, an ivy wreath, and wearing a long white chiton and himation. At the center, Apollo Citharoedos appears beardless with a laurel wreath, elegantly strumming a chelys using a plectrum, while drapery hangs from the instrument. Flanking Apollo are two suggested Maenads, clad in decorative chitons and himatia, indicative of their role as followers of Dionysos. Completing the scene on the right is Hermes, rendered with a backward glance, dressed in a short white chiton, chlamys, petasos, and endromides, and holding his iconic caduceus. The scene is intricately enhanced by a double honeysuckle motif above and bordered by a network pattern along the sides. This hydria was unearthed in Nola and exemplifies the artistry and mythological storytelling central to Greek ceramic work of the time.",-500.0,-500.0,False,success,Nola,Italy,success
71,6147,800BC-750BC,Excavated/Findspot: Nineveh (historic - Iraq),chalcedony,wheel-cut; hand-modelled; drilled,,cattle; jewellery; sun/moon; arms/armour; equestrian; devotee/worshipper; planet/constellation,Representation of: Pleiades (?);  Emblem of: Marduk;  Emblem of: Nabu;  Emblem of: Sibitti (?),Neo-Assyrian,Mesopotamian,iraq,"This exquisite Neo-Assyrian blue chalcedony cylinder seal, dated between 800 and 750 BCE, hails from the renowned historic site of Nineveh in present-day Iraq. Crafted using wheel-cut, hand-modeled, and drilled techniques, the seal displays a vibrant scene beneath a multipartite winged disc, emblematic of the period's iconography. At the center, a cow is tenderly depicted suckling a calf, looking back at a leaping gazelle, while a gallant horseman advances below, guiding a horse adorned with a beaded harness and a triple-crested plume. This complex narrative continues with a kid animal below and a stately worshipper standing to the right, gesturing symbolically. The intricate design incorporates celestial elements such as a star, crescent, and the Pleiades, along with divine emblems of Marduk, Nabu, and possibly Sibitti. The meticulous detailing, from the horseman's fringed tunic and plume-evoking drill-holes to the symbolic trident, wedges, and spade, reflects the sophisticated artistry and religious symbolism of Neo-Assyrian culture. The seal's convex ends and slightly concave sides are bordered by thin lines, completing this masterful piece of Mesopotamian craftsmanship.",-800.0,-750.0,True,success,Nineveh,Iraq,success
72,9206,520BC (circa),Excavated/Findspot: Vulci,pottery,painted; incised,"Inscription type: inscription Inscription quoted: Λυσιππίδης καλός, Ρόδον καλέ",marriage/wedding; procession; warrior; horse/ass; charioteer/chariot; mythical figure/creature,Representation of: Achilles (?);  Representation of: Memnon (?);  Representation of: Antilochus (?),Attic; Archaic Greek,Greek,Greece,"This exquisite black-figured hydria, crafted around 520 BC during the Archaic Greek period, exemplifies Attic pottery through its intricate design and skilled craftsmanship. The vase is adorned with black designs set against a red panel, featuring accents in white and purple, and bordered by ivy motifs. On the shoulder of the hydria, a possible depiction of the mythological contest between Achilles and Memnon is presented, where the central figure, possibly Antilochus, lies flat and nude, while the armed warriors confront each other with spears and Boeotian shields, under the gaze of four spectating males holding wands. The main body showcases a marriage procession, highlighted by a quadriga carrying a male and female figure, both robed in opulent chiton and himation, accompanied by figures playing music and applauding. Inscribed with ""Λυσιππίδης καλός, Ρόδον καλέ,"" the piece also bears a frieze of animals below, featuring a siren flanked by a panther and a doe. This hydria was uncovered in Vulci, an Etruscan city known for its rich archaeological findings, enhancing our understanding of ancient Greek iconography and cultural interactions.",-520.0,-520.0,False,success,Vulci,Italy,success
73,6196,1837-1901 (setting),Excavated/Findspot: Kouyunjik (probably),chalcedony; gold,drilled,,mammal; mythical figure/creature; arachnid; bird; arms/armour; sun/moon; fish; deity; priest/priestess; devotee/worshipper,Associated with: Lady Layard,Neo-Assyrian; Late Babylonian,Mesopotamian,iraq,"This exquisite chalcedony cylinder seal, originating from the Neo-Assyrian to Late Babylonian period and possibly dating back to ancient Mesopotamia, is a captivating artifact both in form and detail. Crafted from pale-grey, clouded chalcedony, the seal depicts a dynamic scene characterized by a likely female worshipper with extended hands, standing opposite a beardless deity, presumed to be a goddess adorned with a globular, horned headdress and a detailed, tiered skirt. Adding to the mythical tableau is a bearded scorpion-man, whose form merges human traits with a bird or lion’s hindquarters, signified by distinctive drill-hole markings. Noteworthy within the composition are celestial and mythological symbols, including a crescent and a cross-legged table, along with a horizontally swimming fish and a possibly symbolic dagger or stylus. The seal is currently mounted as an earring, encased in a gold setting featuring a chevron design. This setting was added in the Victorian era, complementing a matching necklace and indicating a sophistication in craftsmanship. Though the original edges may have been filed for consistency with its pair, the caps obscure the seal’s ends, preserving its intricate quarry of motifs. This exceptional piece was discovered in Kouyunjik, Iraq, likely connected to Lady Layard, and serves as an emblem of ancient religious and artistic expression.",1837.0,1901.0,True,success,Kouyunjik,Iraq,success
74,9230,390BC (circa),Excavated/Findspot: Blacas Tomb,pottery,painted,Inscription type: inscription,satyr; classical mythology; charioteer/chariot; mythical figure/creature; classical deity,Representation of: Demeter/Ceres;  Representation of: Core (?);  Representation of: Aphrodite/Venus;  Representation of: Eros/Cupid,Attic,Greek,Greece,"This exquisite Attic red-figured hydria, dating to around 390 BC, exemplifies the ornate style of Greek pottery with its elaborate design painted on a black background. Adorned with white accessories, the vessel features intricate decorations such as egg-moulding around the lip and a maeander and chequer pattern below the primary scene. The central artwork depicts a dynamic tableau with a chariot drawn by two Erotes, ceremonially adorned and steering the vessel with Demeter and likely Core (Persephone) as passengers. These revered figures are portrayed with radiated fillets, ornate chitons, and intricate jewelry. Dancing Maenads, Satyrs, and seated figures populate the scene, each painstakingly detailed with beaded ornaments, necklaces, and embroidered garments. Iconographic elements include thyrsoi, tympana, and floral motifs, all indicating a celebration of the divine and mythical. The presence of notable deities such as Aphrodite and representations of Eros further infuse the piece with significant mythological narrative. This hydria was discovered in the Blacas Tomb, shedding light on burial practices and the cultural interplay between art and mythology in classical Greece.",-390.0,-390.0,False,success,Blacas Tomb,Italy,success
75,6310,2600BC - 2300BC,Excavated/Findspot: South East Palace (Nimrud),lapis lazuli,engraved,,bird; mammal; vessel; eating/drinking,,Early Dynastic III,Mesopotamian,iraq,"This exquisite Early Dynastic III cylinder seal, crafted between 2600 and 2300 BCE, originates from the Mesopotamian region of Iraq. Fashioned from rich blue lapis lazuli, it is intricately engraved in two distinct registers. The upper register depicts a seated figure holding a cup or bowl, positioned before an eagle attacking a goat and a stag, while a hatched ornament elegantly separates this scene from the lower register. Below, the lower register features a table with two figures seated opposite each other, indulging in a drink from a large vessel through pipes, surrounded by symbolic motifs. Unearthed at the South East Palace in Nimrud, this artifact illuminates the complex social and ceremonial practices of its era, providing valuable insights into the cultural and artistic expressions of ancient Mesopotamian society.",-2600.0,-2300.0,True,success,South East Palace,Iraq,success
76,9232,490BC-460BC,Excavated/Findspot: Kalavarda,pottery,painted; incised,,classical deity; religious object,Representation of: Nike/Victoria/Victory,Attic,Greek,Greece,"This Attic black-figured hydria, crafted from pottery between 490 and 460 BCE, is a striking example of ancient Greek artistry. The design, rendered in black on a red panel, is bordered by intricate maeanders, palmettes, and dotted borders, with white accents adding depth to the composition. The scene depicts Nike, the personification of victory, elegantly flying to the right. She gazes back, her hair adorned with a white sphendone, while her outspread wings emerge from her breast. Nike's long chiton exhibits white markings, and she extends a white taenia with her hands, gracefully heading towards an altar topped by a blazing fire. A branch is delicately painted in the field, enhancing the visual narrative. This hydria, employing both painted and incised techniques, was discovered in Kalavarda, highlighting its cultural and religious significance as part of the rich tapestry of Greek civilization.",-490.0,-460.0,True,success,Kalavarda,Greece,success
77,6369,2400BC-2200BC,Excavated/Findspot: Ur (historic - city),quartz,glazed,,fish; vessel,,Jemdet Nasr; Akkadian,Mesopotamian,iraq,"This exquisite Mesopotamian artifact is a sintered quartz cylinder seal, dating from 2400 to 2200 BCE, originating from the culturally rich Jemdet Nasr and Akkadian periods. The seal is adorned with traces of now red or black glaze, revealing a distinctive whitish core beneath. Its artistry is divided into two registers of geometric designs; the upper register features two pots and two fish, while the lower register presents cross-hatched lines flanked by a parallel border. Despite a sizeable chip missing from the seal, the intricate craftsmanship remains evident. The seal's provenance is significant, having been excavated from the historic city of Ur in modern-day Iraq, thus offering a glimpse into the intricate social and cultural practices of early Mesopotamian civilization.",-2400.0,-2200.0,True,success,Ur,Iraq,success
78,6396,645BC (c.),Excavated/Findspot: North Palace (Nineveh),gypsum,carved,,lotus; plant,,Neo-Assyrian,Mesopotamian,iraq,"This Neo-Assyrian gypsum door-sill, dating to approximately 645 BCE, is intricately carved to resemble a carpet, encapsulating the artistic finesse of the era. Adorned with two distinct borders, the outer perimeter showcases an alternating pattern of lotus flowers and buds, while the inner edge is lined with palmettes. These borders are elegantly separated by delicate rows of rosettes, motifs that also intricately adorn the central grid of the carpet design. Within the square sections, clusters of four lotus heads alternate charmingly with four buds or pods, exemplifying the rich botanical motif of the artifact. This beautifully crafted piece, excavated from the North Palace in Nineveh, Iraq, offers a glimpse into the decorative sensibilities of the Assyrian empire, highlighting the symbolic use of plant imagery in architectural elements.",-645.0,-645.0,False,success,North Palace,Iraq,success
79,6401,3300BC-3000BC,Excavated/Findspot: Ur (historic - city),stone,carved,,cattle,,Late Uruk,Mesopotamian,iraq,"This Late Uruk period stone artifact, dating from 3300-3000 BC, is a carved depiction of a calf, notable for its functional hole designed to accommodate a vertical post through its body. Reflective of Mesopotamian craftsmanship, this piece embodies cultural and symbolic attributes associated with cattle, a significant element in Uruk society. The artifact was excavated at the historic city of Ur, located in present-day Iraq, offering valuable insights into the material culture and artistic expressions of this ancient civilization.",-3300.0,-3000.0,True,success,Ur,Iraq,success
80,6403,6000BC-5000BC,Excavated/Findspot: Arpachiyah,stone,incised,,eroticism/sex,,Halaf,Mesopotamian,iraq,"This stone figurine, dating from 6000-5000 BC, originates from the Halaf culture, which flourished in ancient Mesopotamia, specifically in the region now known as Iraq. The artifact, unearthed at Arpachiyah, represents a schematic form with exaggerated sexual organs, featuring an incised pubic triangle and notably lacking arms. Crafted with incising techniques, it reflects the period's artistic expression concerning themes of eroticism and fertility. This figurine provides valuable insights into the societal and cultural norms of the Halaf people, illustrating the symbolic significance they placed on sexuality and reproduction.",-6000.0,-5000.0,True,success,Arpachiyah,Iraq,success
81,9451,575BC-560BC (circa),Excavated/Findspot: Sanctuary of the Dioskouroi (Naukratis) (probably),pottery,painted; incised,Inscription type: inscription Inscription position: on wall Inscription language: Greek Inscription script: Greek Inscription quoted: Λυκοπις Inscription translation: Lykopis Inscription note: Pre-firing dipinto.,amazon,,Attic; Archaic Greek,Greek,Greece,"This Attic black-figured pottery lebes gamikos body sherd, dating from around 575-560 BC, is a fine representation of Archaic Greek artistry. The artifact, crafted from pottery and employing both painting and incising techniques, depicts a detailed scene on its exterior. It features part of a fallen Amazon to the right, the figure intricately detailed with a belted long chiton and a scabbard adorned with added red. The Amazon's face is outlined, with an eye showing a distinctive cornea meeting the upper eyelid. A Boeotian shield with a red border supports the figure, complemented by a spear positioned point downward, and an evocative touch of red depicting blood on the lower chiton part. The scene also includes the left leg and foot of another Amazon dashing to the right, and to the right side, a chain of vertical lotus and palmette with red highlights. A wide border of dots and alternating bands in red and black frames the scene intricately. The artifact bears a Greek inscription ""Λυκοπις"" (Lykopis) applied pre-firing on the wall. This pottery piece was excavated at the Sanctuary of the Dioskouroi in Naukratis, providing insight into its ceremonial use and the cultural exchanges within this Greek locale.",-575.0,-560.0,True,success,Sanctuary of the Dioskouroi,Iraq,success
82,6409,900BC-800BC,Excavated/Findspot: Nimrud (?),limestone,carved; drilled (eye sockets),,cattle,,Neo-Assyrian,Mesopotamian,iraq,"This Neo-Assyrian limestone furniture finial, dating from 900-800 BCE, is a remarkable artifact carved into the shape of a calf's head. The skillful craftsmanship is evident in the finely carved features, notably the hollow, drilled eye sockets that give the object an expressive appearance. Such decorative elements were commonly used in furnishings to signify status and cultural symbolism, with cattle often representing abundance and strength in Mesopotamian culture. This piece was excavated, or possibly found, at the renowned archaeological site of Nimrud in Iraq, a location central to the Assyrian Empire. The use of white limestone and the distinctive artistic techniques employed reflect the rich cultural and artistic traditions of the Neo-Assyrian period.",-900.0,-800.0,True,success,Nimrud,Iraq,success
83,6419,2600BC-2500BC,Excavated/Findspot: Ur (historic - city),shell,incised; inlaid,,priest/priestess,,Early Dynastic III,Mesopotamian,iraq,"This Early Dynastic III artifact from Mesopotamia, dating between 2600 and 2500 BC, is an exquisite shell inlay with an incised design, depicting a standing figure engaged in a libation ritual, likely representing a priest or priestess. The intricate craftsmanship, achieved through incising and inlaying techniques, highlights the skill and artistry of ancient Mesopotamian artisans. This artifact was excavated from the historic city of Ur in present-day Iraq, offering a tangible connection to the religious and cultural practices of one of the world's earliest urban civilizations.",-2600.0,-2500.0,True,success,Ur,Iraq,success
84,6445,2141BC-2122BC,Excavated/Findspot: Ur (historic - city),limestone,high relief; carved,Inscription type: inscription Inscription note: Inscription of Utu Hegal.,sun/moon,Named in inscription: Utu-Hegal,Third Dynasty of Ur,Mesopotamian,iraq,"This artifact is a portion of a limestone monument from the Third Dynasty of Ur, dating between 2141-2122 BCE. It is crafted using high relief carving techniques, showcasing representations of the sun and moon positioned above an inscription. The inscription, partially preserved with eight lines, mentions Utu-Hegal, a significant figure from this era. The limestone composition lends a timeless quality to the piece, which embodies the symbolic importance of celestial bodies in the culture of ancient Mesopotamia. Excavated from the historic city of Ur, located in present-day Iraq, this monument provides invaluable insight into early Mesopotamian art and governance during a pivotal period of history.",-2141.0,-2122.0,True,success,Ur,Iraq,success
85,6459,2400BC-2200BC,Excavated/Findspot: Royal Cemetery (Ur),copper alloy; shell; aragonite; cornelian; lapis lazuli; gold; agate,drilled,,mythical figure/creature,,Akkadian,Mesopotamian,iraq,"This assemblage of artifacts from the Akkadian culture, dating from 2400-2200 BCE, was excavated at the Royal Cemetery of Ur, a site renowned for its rich historical significance in ancient Mesopotamia. It includes two fragments of copper alloy pins that have been rejoined, accompanied by a copper alloy hair-ring and a distinctly crafted aragonite or shell cylinder seal, notable for its central drilling. The seal artistically portrays a captivating contest scene featuring a long-haired bull-man, two antithetical human-headed bulls, and two bearded heroes in conflict, one adorned in a flat cap and both donning skirts, further accentuated with traces of copper staining on one side. Additionally, the find encompasses fourteen meticulously drilled beads comprised of six cornelian, four lapis lazuli, two gold, and one banded agate. These beads vary in form, with ten being barrel-shaped and three double conoid, as well as an additional copper alloy bead fragment. These objects, found collectively and catalogued together, provide a unique insight into the intricate artistry and symbolic motifs prevalent in Akkadian society.",-2400.0,-2200.0,True,success,Royal Cemetery,Iraq,success
86,6477,3300BC-3000BC,Excavated/Findspot: Warka (probably),stone,carved,,cattle; bird; costume/clothing; mesopotamian hero,,Late Uruk,Mesopotamian,iraq,"This Late Uruk stone cult vessel, dating from 3300 to 3000 BCE, is an intricate example of Mesopotamian artistry. The miniature vase is distinctly supported by a pair of hero figures, each adorned with belts, who are depicted grasping two bulls with birds precariously perched on their backs. These hero figures, possibly understood as protective spirits, suggest a cultural emphasis on safeguarding livestock, an integral aspect of ancient Mesopotamian life. Carved with precision, this piece exemplifies the ceremonial objects that typify the period, reflecting both artistic skill and religious significance. The vessel was excavated at Warka, a significant archaeological site in Iraq, providing further context to its historical and cultural dimensions.",-3300.0,-3000.0,True,success,Warka,Iraq,success
87,6506,6000BC-5000BC,Excavated/Findspot: Arpachiyah,limestone,incised; perforated,,,,Halaf,Mesopotamian,iraq,"This Halaf limestone stamp seal, dating from 6000 to 5000 BC, exemplifies early Mesopotamian craftsmanship with its flat, rectangular form and intricately incised compartmented geometric pattern on the base. A hole is pierced through the center and features a perforated lug at the back, though it is noted to be incomplete due to a broken lug. The seal bears deposits and possible abrasion marks, indicating extensive use or wear over time. This artifact, crafted through incising and perforation techniques, underscores the significance of symbolic seals in the Halaf culture. Unearthed at the archaeological site of Arpachiyah in Iraq, it offers a glimpse into the technological and artistic capabilities of one of the earliest known cultures within the Mesopotamian region.",-6000.0,-5000.0,True,success,Arpachiyah,Iraq,success
88,6512,6000BC-5000BC,Excavated/Findspot: Arpachiyah,steatite,incised; pierced (?),,leaf,,Halaf,Mesopotamian,iraq,"This Mesopotamian artifact, originating from the Halaf culture and dating between 6000-5000 BCE, is a white steatite stamp-seal, possibly also serving as an amulet. Shaped like a gable, the seal is intricately incised with a leaf design on its base. A broken pierced lug at the back suggests it may have been worn or suspended, although now it is chipped, abraded, and bears deposits from its age. The artifact's technique includes incised and possibly pierced detailing, revealing the skilled craftsmanship of the period. Excavated from Arpachiyah, this piece provides valuable insight into early decorative and symbolic practices in ancient Iraq.",-6000.0,-5000.0,True,success,Arpachiyah,Iraq,success
89,6543,5900BC-4000BC,Excavated/Findspot: Ur (historic - city),stone,pierced; engraved,,,,Ubaid,Mesopotamian,iraq,"This Ubaid-period stamp seal, dating from 5900 to 4000 BCE, is crafted from grey stone and features a gabled top with a hole pierced through it, indicative of its use as a personal or administrative tool. The base of the seal is engraved with a design that, although worn and indistinct, reflects the stylistic characteristics of the Mesopotamian Ubaid culture. This artifact, unearthed in the historic city of Ur in present-day Iraq, offers a glimpse into the early development of administrative practices in one of the cradle regions of civilization. Its careful crafting techniques, such as piercing and engraving, showcase the technological prowess of the time.",-5900.0,-4000.0,True,success,Ur,Iraq,success
90,6550,3000BC-2900BC,Excavated/Findspot: Tell Arsh,steatite,pierced; incised; drilled,,,,Jemdet Nasr,Mesopotamian,iraq,"This Jemdet Nasr black steatite stamp-seal, dating from 3000 to 2900 BC, presents a roughly rectangular block form with a hole pierced through its width, representative of early Mesopotamian craftsmanship. Its twin faces are incised with crude designs, including drill-hole outlines depicting a man amidst falling rain, accompanied by striatums on the edges and grooves along the sides. Despite some abrasion and chipped corners, it retains distinctive patches of brown deposit, attesting to its ancient origins. The seal was unearthed at Tell Arsh in Iraq, contributing valuable insights into the artistic and functional use of seals in early Mesopotamian society.",-3000.0,-2900.0,True,success,Tell Arsh,Iraq,success
91,9463,440BC (circa),Excavated/Findspot: Nola,pottery,painted,Inscription type: inscription,classical deity,Named in inscription & portrayed: Muses,Attic,Greek,Greece,"This exquisite Attic red-figured pottery lid from a lekanis, crafted circa 440 BC, exemplifies the finest style of Greek ceramic artistry. Adorned with a broad frieze encircling the central handle, it features intricate designs such as purple fillets, inscriptions, and wreaths. Surrounding the handle is an egg pattern, while the lips are decorated with alternating sets of maeanders and chequer squares. The artwork portrays seven Muses organized into three distinct groups: a seated Muse with broken away name, Polyhymnia, known by her inscribed name ΠΟΛΥ.ΝΙΑ, holding a likely scroll, and Cleio, ΚΛΕΩ, depicted with flutes; adjacent are Euterpe, inscribed ΕΥΤΕΡΠΕ, and Thaleia, ΘΑΛΕΙΑ, holding a wreath; lastly, Erato, inscribed as . . . ΤΩ, addressing Calliope with a square box. The Muses are elegantly depicted in long Ionic chitons with looped hair, except for Thaleia, who wears a Doric chiton with cropped hair. This lid was excavated from Nola, offering a glimpse into the rich decorative traditions of ancient Greece and the veneration of classical deities in the artistic milieu.",-440.0,-440.0,False,success,Nola,Italy,success
92,9481,370BC-350BC,Excavated/Findspot: Puglia,pottery,painted,,classical deity,Representation of: Eros/Cupid,Attic,Greek,Greece,"This exquisite Attic pottery piece, a red-figured lekanis with a lid, hails from the classical Greek period, specifically dated between 370-350 BCE. The lekanis is adorned with a striking design in red and white against a black ground, featuring egg-moulding on the cover and palmettes on the body, a testament to its intricate craftsmanship. The painted scene on the cover depicts a lively toilet scene centered around Eros, the classical deity of love, rendered with white flesh, red wings with black markings, and curly hair, holding an embroidered taenia. This vivid portrayal includes a seated female figure with an unguent-box and a cista, as well as another female figure running with a cista and taenia, both of whom are elegantly dressed in bordered garments. A youth, draped in fabric, sits with a calathos, while above him are intricate details including an embroidered taenia, tendrils, and an alabastron. This artefact, with its mythological associations and dynamic composition, was excavated in Puglia, offering a glimpse into the sophisticated artistry and cultural narratives of ancient Greece.",-370.0,-350.0,True,success,Puglia,Italy,success
